Timestamp,Model,Dataset,ValidationSubject,Fold,Epoch,MAE,MSE,SMAE,RMSE,R2,Train_MAE,Train_MSE,Train_SMAE,Samples
2026-01-27T22:00:36.941403,Attention,robustvision,Participant_10,1,0,30.3503,551446.891,29.8521,742.5947,0.7573,48.8769,2136848.0618,48.5035,1561
2026-01-27T22:01:13.362506,Attention,robustvision,Participant_10,1,1,31.0382,595348.7809,30.5409,771.5885,0.7401,27.4583,618771.9787,27.0857,1561
2026-01-27T22:01:49.840282,Attention,robustvision,Participant_10,1,2,26.0313,429550.7476,25.5346,655.4012,0.8122,22.9187,458535.1509,22.5469,1561
2026-01-27T22:02:26.094757,Attention,robustvision,Participant_10,1,3,26.848,476433.3152,26.3513,690.2415,0.7918,21.4842,416595.5697,21.1128,1561
2026-01-27T22:02:55.964486,Attention,robustvision,Participant_10,1,4,30.171,597423.607,29.6763,772.9318,0.7431,20.7996,397129.2124,20.4283,1561
2026-01-27T22:03:32.244231,Attention,robustvision,Participant_10,1,5,25.4872,409634.2268,24.9895,640.0267,0.8213,19.6785,356758.5544,19.307,1561
2026-01-27T22:04:06.875081,Attention,robustvision,Participant_10,1,6,25.9675,465540.229,25.4745,682.3051,0.7988,19.4168,344302.2669,19.0454,1561
2026-01-27T22:04:40.290420,Attention,robustvision,Participant_10,1,7,22.0873,362607.3141,21.5932,602.1688,0.8438,18.3372,321614.9756,17.9664,1561
2026-01-27T22:05:17.084025,Attention,robustvision,Participant_10,1,8,21.0415,383011.3076,20.5476,618.8791,0.8309,20.4706,378506.0049,20.0993,1561
2026-01-27T22:05:50.132360,Attention,robustvision,Participant_10,1,9,23.9569,466845.9846,23.4674,683.2613,0.7962,19.3973,346159.221,19.026,1561
2026-01-27T22:06:18.755541,Attention,robustvision,Participant_10,1,10,25.3876,417484.4447,24.8917,646.1304,0.8165,18.2516,317416.005,17.8805,1561
2026-01-27T22:06:45.754600,Attention,robustvision,Participant_10,1,11,29.2247,562731.2286,28.7288,750.1541,0.7546,19.2353,340277.9393,18.8643,1561
2026-01-27T22:07:08.589371,Attention,robustvision,Participant_10,1,12,19.2893,270603.7753,18.7953,520.1959,0.8822,16.2863,255689.3309,15.9158,1561
2026-01-27T22:07:31.088572,Attention,robustvision,Participant_10,1,13,34.494,670303.1049,33.9964,818.7204,0.7068,16.6342,262401.5236,16.2638,1561
2026-01-27T22:07:54.750018,Attention,robustvision,Participant_10,1,14,25.1859,424145.5443,24.6887,651.2646,0.8153,18.1143,300959.9132,17.7433,1561
2026-01-27T22:08:16.917465,Attention,robustvision,Participant_10,1,15,28.0925,481208.1253,27.5957,693.6917,0.7917,17.0236,274119.2713,16.653,1561
2026-01-27T22:08:40.633974,Attention,robustvision,Participant_10,1,16,23.4511,351878.3106,22.9536,593.1933,0.8455,18.177,305203.4976,17.8063,1561
2026-01-27T22:09:04.314387,Attention,robustvision,Participant_10,1,17,21.7156,346741.371,21.2227,588.8475,0.8467,19.1162,329162.0546,18.7448,1561
2026-01-27T22:09:27.618207,Attention,robustvision,Participant_10,1,18,24.267,357188.7052,23.7712,597.6527,0.8442,17.8326,297154.6548,17.4621,1561
2026-01-27T22:09:50.633941,Attention,robustvision,Participant_10,1,19,25.6656,441134.3077,25.171,664.1794,0.8053,17.9762,298164.0723,17.6054,1561
2026-01-27T22:10:21.369101,Attention,robustvision,Participant_10,1,20,31.8527,606567.6212,31.3551,778.8245,0.7314,17.5497,278074.9305,17.179,1561
2026-01-27T22:10:46.631171,Attention,robustvision,Participant_10,1,21,25.1714,445856.8631,24.6764,667.7251,0.806,17.0646,270104.7199,16.6944,1561
2026-01-27T22:11:08.534884,Attention,robustvision,Participant_10,1,22,27.6478,530042.446,27.1521,728.0401,0.7688,17.0437,266168.5451,16.6733,1561
2026-01-27T22:11:34.903818,Attention,robustvision,Participant_10,1,23,21.6333,321243.6987,21.1374,566.7836,0.8604,17.7454,288512.8111,17.3746,1561
2026-01-27T22:12:11.107651,Attention,robustvision,Participant_10,1,24,22.623,314124.2843,22.1279,560.4679,0.8638,17.6701,283307.8306,17.2991,1561
2026-01-27T22:12:50.161440,Attention,robustvision,Participant_10,1,25,23.8485,349266.0357,23.3528,590.9873,0.8463,18.0964,290020.4312,17.7255,1561
2026-01-27T22:13:29.547676,Attention,robustvision,Participant_10,1,26,24.8956,388170.4086,24.3983,623.0332,0.829,17.7146,284679.6132,17.3438,1561
2026-01-27T22:13:59.492034,Attention,robustvision,Participant_10,1,27,18.9269,285148.7432,18.4323,533.9932,0.8758,18.2821,302903.1941,17.9108,1561
2026-01-27T22:14:33.908315,Attention,robustvision,Participant_10,1,28,31.419,563159.7155,30.9223,750.4397,0.7524,18.9936,321533.3221,18.6228,1561
2026-01-27T22:15:06.334816,Attention,robustvision,Participant_10,1,29,24.9145,410044.0484,24.4174,640.3468,0.8235,19.2782,328335.9771,18.9071,1561
2026-01-27T22:15:39.358168,Attention,robustvision,Participant_10,1,30,23.5134,384252.6073,23.0182,619.8811,0.8327,18.6221,316646.2715,18.2509,1561
2026-01-27T22:16:09.613726,Attention,robustvision,Participant_10,1,31,24.7371,391090.4394,24.2413,625.3722,0.8262,17.2324,280488.0174,16.8617,1561
2026-01-27T22:16:40.536873,Attention,robustvision,Participant_10,1,32,23.1819,366091.1068,22.6868,605.0546,0.8411,16.8309,265426.9786,16.4607,1561
2026-01-27T22:17:13.731316,Attention,robustvision,Participant_10,1,33,28.087,532454.1355,27.5928,729.6945,0.7687,15.8715,238255.2892,15.5016,1561
2026-01-27T22:17:53.563313,Attention,robustvision,Participant_10,1,34,27.4632,489912.4977,26.9691,699.9375,0.7885,14.9981,221507.1403,14.6284,1561
2026-01-27T22:18:27.407331,Attention,robustvision,Participant_10,1,35,24.1808,400724.4057,23.6869,633.028,0.8265,15.6051,229717.6047,15.2348,1561
2026-01-27T22:18:59.014650,Attention,robustvision,Participant_10,1,36,23.6011,404962.0364,23.1055,636.3663,0.824,15.2384,225527.3119,14.8685,1561
2026-01-27T22:19:39.112105,Attention,robustvision,Participant_10,1,37,28.0313,494359.0226,27.5342,703.1067,0.7828,15.0474,215870.2696,14.6774,1561
2026-01-27T22:20:19.002524,Attention,robustvision,Participant_10,1,38,26.3185,443347.011,25.8221,665.8431,0.8082,15.3822,226787.5086,15.0122,1561
2026-01-27T22:21:03.536005,Attention,robustvision,Participant_10,1,39,25.1968,394701.5232,24.7014,628.2528,0.8282,15.2747,223400.1268,14.9047,1561
2026-01-27T22:21:54.823347,Attention,robustvision,Participant_10,1,40,30.0454,518897.7748,29.548,720.3456,0.7728,23.1517,487092.3281,22.7802,1561
2026-01-27T22:22:29.166153,Attention,robustvision,Participant_10,1,41,35.1149,737572.6198,34.6178,858.8205,0.6788,22.3057,443184.9102,21.9338,1561
2026-01-27T22:23:03.663422,Attention,robustvision,Participant_10,1,42,20.5422,296106.4656,20.0489,544.1567,0.8701,20.3874,395333.3616,20.016,1561
2026-01-27T22:23:33.692608,Attention,robustvision,Participant_10,1,43,27.0276,461377.9039,26.5336,679.248,0.7979,17.489,298973.8151,17.1185,1561
2026-01-27T22:24:03.749642,Attention,robustvision,Participant_10,1,44,27.7005,471679.5418,27.2039,686.7893,0.7921,16.3977,268093.5625,16.0274,1561
2026-01-27T22:24:40.378118,Attention,robustvision,Participant_10,1,45,22.5974,345825.5497,22.1035,588.0693,0.8511,19.4986,352022.218,19.1274,1561
2026-01-27T22:25:11.094786,Attention,robustvision,Participant_10,1,46,21.2155,355440.9141,20.7217,596.1887,0.8449,18.4267,316678.8636,18.0557,1561
2026-01-27T22:25:43.016222,Attention,robustvision,Participant_10,1,47,19.5675,292263.3742,19.0721,540.6139,0.8724,16.8521,277256.1938,16.4816,1561
2026-01-27T22:26:21.107169,Attention,robustvision,Participant_10,1,48,28.47,515550.9406,27.9738,718.0188,0.7759,15.8359,245279.7477,15.4659,1561
2026-01-27T22:26:58.380620,Attention,robustvision,Participant_10,1,49,25.7197,420908.5492,25.2221,648.7747,0.8183,23.1288,474279.794,22.7571,1561
2026-01-27T22:27:39.363417,Attention,robustvision,Participant_10,1,50,30.0703,570401.6901,29.5726,755.2494,0.7518,19.548,360733.7305,19.1773,1561
2026-01-27T22:28:12.318788,Attention,robustvision,Participant_10,1,51,24.2695,484849.7552,23.7739,696.3115,0.7887,19.0831,338756.544,18.7119,1561
2026-01-27T22:28:50.533190,Attention,robustvision,Participant_10,1,52,32.0138,593250.8159,31.5156,770.2278,0.7424,21.1411,395400.1258,20.7697,1561
2026-01-27T22:29:25.188194,Attention,robustvision,Participant_10,1,53,28.2461,491491.4315,27.7495,701.0645,0.7834,17.5955,294696.0388,17.2248,1561
2026-01-27T22:30:10.225314,Attention,robustvision,Participant_10,1,54,27.5413,461584.3049,27.0441,679.4,0.7987,16.0291,253484.744,15.6589,1561
2026-01-27T22:30:52.867180,Attention,robustvision,Participant_10,1,55,21.6602,323619.8586,21.165,568.876,0.858,16.6796,260042.6813,16.3091,1561
2026-01-27T22:31:23.840568,Attention,robustvision,Participant_10,1,56,20.1121,350727.5315,19.6226,592.2225,0.849,17.6742,286627.3029,17.3037,1561
2026-01-27T22:32:02.194125,Attention,robustvision,Participant_10,1,57,25.8186,435889.195,25.3283,660.2191,0.8104,16.3118,251529.5229,15.9415,1561
2026-01-27T22:32:31.916439,Attention,robustvision,Participant_10,1,58,24.0734,396972.8763,23.5762,630.0578,0.8267,15.8898,239259.4933,15.5203,1561
2026-01-27T22:33:01.111055,Attention,robustvision,Participant_10,1,59,31.0362,575084.7568,30.539,758.3434,0.7491,17.02,265130.8825,16.6493,1561
2026-01-27T22:33:30.922312,Attention,robustvision,Participant_10,1,60,23.3408,380540.618,22.8464,616.8797,0.8331,19.6735,339777.99,19.3024,1561
2026-01-27T22:34:02.704189,Attention,robustvision,Participant_10,1,61,27.187,481162.1678,26.6922,693.6585,0.7905,17.4351,272016.3151,17.0638,1561
2026-01-27T22:34:32.892974,Attention,robustvision,Participant_10,1,62,24.9495,416464.8828,24.454,645.3409,0.8175,16.6521,255452.9848,16.2818,1561
2026-01-27T22:35:06.963143,Attention,robustvision,Participant_10,1,63,25.757,454744.9224,25.2624,674.3478,0.8005,16.6818,254441.479,16.3111,1561
2026-01-27T22:35:38.674087,Attention,robustvision,Participant_10,1,64,27.3261,574674.293,26.829,758.0727,0.7464,17.3949,276061.1188,17.0241,1561
2026-01-27T22:36:11.315573,Attention,robustvision,Participant_10,1,65,26.1404,546001.462,25.6482,738.9191,0.7626,18.7503,317248.1063,18.3793,1561
2026-01-27T22:36:43.559579,Attention,robustvision,Participant_10,1,66,27.5665,471632.4885,27.0691,686.755,0.7943,19.6205,347574.0405,19.2495,1561
2026-01-27T22:37:18.293807,Attention,robustvision,Participant_10,1,67,22.9967,375091.0916,22.5018,612.4468,0.8354,17.6949,285482.2183,17.3243,1561
2026-01-27T22:37:45.804261,Attention,robustvision,Participant_10,1,68,28.8676,532749.6505,28.3744,729.897,0.7699,17.5928,278761.3307,17.222,1561
2026-01-27T22:38:14.989777,Attention,robustvision,Participant_10,1,69,27.2665,504108.1509,26.7712,710.0057,0.7786,16.8927,268160.3226,16.522,1561
2026-01-27T22:38:43.322274,Attention,robustvision,Participant_10,1,70,25.9423,450174.1825,25.4477,670.9502,0.8033,15.4708,234134.5179,15.1005,1561
2026-01-27T22:39:15.429881,Attention,robustvision,Participant_10,1,71,29.7183,541578.9754,29.2209,735.9205,0.7637,17.354,280360.5756,16.9835,1561
2026-01-27T22:39:57.503419,Attention,robustvision,Participant_10,1,72,25.5906,415458.3648,25.0932,644.5606,0.8199,16.5748,255684.878,16.2044,1561
2026-01-27T22:40:35.738337,Attention,robustvision,Participant_10,1,73,23.889,413276.9276,23.3926,642.8662,0.8178,20.6615,375476.4265,20.2901,1561
2026-01-27T22:41:07.979521,Attention,robustvision,Participant_10,1,74,28.2025,575892.3044,27.7067,758.8757,0.7491,18.7496,312261.106,18.3784,1561
2026-01-27T22:41:40.805074,Attention,robustvision,Participant_10,1,75,24.8855,416887.3662,24.3905,645.6682,0.8159,16.6712,258672.097,16.3009,1561
2026-01-27T22:42:15.501381,Attention,robustvision,Participant_10,1,76,29.686,559286.5276,29.1878,747.8546,0.7592,14.8832,215738.5213,14.5138,1561
2026-01-27T22:42:45.625908,Attention,robustvision,Participant_10,1,77,32.7103,699022.9033,32.2142,836.0759,0.6952,19.4728,344885.6899,19.1014,1561
2026-01-27T22:43:14.948312,Attention,robustvision,Participant_10,1,78,23.1727,334939.9105,22.676,578.7399,0.853,20.1234,359118.5193,19.7522,1561
2026-01-27T22:43:44.370383,Attention,robustvision,Participant_10,1,79,28.0664,488974.786,27.5699,699.2673,0.7859,19.0637,327951.6195,18.6927,1561
2026-01-27T22:44:13.822159,Attention,robustvision,Participant_10,1,80,27.7501,453490.0647,27.2516,673.4167,0.8011,17.7604,289480.639,17.3894,1561
2026-01-27T22:44:42.169227,Attention,robustvision,Participant_10,1,81,23.3726,372802.5245,22.8764,610.5756,0.8379,17.0653,273759.4174,16.6951,1561
2026-01-27T22:45:11.364687,Attention,robustvision,Participant_10,1,82,22.8065,400592.3428,22.3094,632.9236,0.8262,16.3888,256573.941,16.0181,1561
2026-01-27T22:45:49.309198,Attention,robustvision,Participant_10,1,83,22.803,336726.0252,22.3084,580.281,0.8535,17.0269,272966.3603,16.6564,1561
2026-01-27T22:46:33.441273,Attention,robustvision,Participant_10,1,84,27.1114,435764.3576,26.6142,660.1245,0.8117,16.6183,273723.3398,16.2481,1561
2026-01-27T22:47:07.186274,Attention,robustvision,Participant_10,1,85,28.3048,489772.7608,27.809,699.8377,0.7856,17.3744,290626.8975,17.004,1561
2026-01-27T22:47:33.819587,Attention,robustvision,Participant_10,1,86,26.5616,430546.7378,26.067,656.1606,0.8132,20.8476,384826.3574,20.4759,1561
2026-01-27T22:47:59.876480,Attention,robustvision,Participant_10,1,87,27.5621,533591.6643,27.068,730.4736,0.7676,17.5362,281172.2254,17.1654,1561
2026-01-27T22:48:24.567861,Attention,robustvision,Participant_10,1,88,28.2171,482031.9381,27.7202,694.2852,0.7909,17.1099,269187.2614,16.739,1561
2026-01-27T22:48:51.063769,Attention,robustvision,Participant_10,1,89,27.9881,510109.481,27.4907,714.2195,0.7778,16.7384,257871.5714,16.3678,1561
2026-01-27T22:49:15.019515,Attention,robustvision,Participant_10,1,90,22.5953,343401.3116,22.1019,586.0045,0.8497,17.8269,294081.9004,17.4561,1561
2026-01-27T22:49:40.272373,Attention,robustvision,Participant_10,1,91,29.3791,482702.8619,28.8806,694.7682,0.7907,18.5742,313128.0442,18.2032,1561
2026-01-27T22:50:05.422417,Attention,robustvision,Participant_10,1,92,26.3856,463968.0103,25.889,681.152,0.7973,18.3161,310992.3767,17.9454,1561
2026-01-27T22:50:29.585756,Attention,robustvision,Participant_10,1,93,26.0966,460854.8639,25.6032,678.8629,0.7966,17.3751,280218.7329,17.0044,1561
2026-01-27T22:50:52.339255,Attention,robustvision,Participant_10,1,94,24.23,451390.3776,23.739,671.8559,0.8043,17.2184,275502.4323,16.848,1561
2026-01-27T22:51:20.959392,Attention,robustvision,Participant_10,1,95,25.71,420053.8781,25.214,648.1156,0.8147,16.7573,258793.3987,16.387,1561
2026-01-27T22:51:48.898679,Attention,robustvision,Participant_10,1,96,24.4579,371642.4281,23.9618,609.6248,0.8375,19.1225,324321.6779,18.7512,1561
2026-01-27T22:52:12.867079,Attention,robustvision,Participant_10,1,97,28.0551,489948.763,27.5573,699.9634,0.7878,21.1306,383527.8581,20.7586,1561
2026-01-27T22:52:38.874003,Attention,robustvision,Participant_10,1,98,28.0009,470150.294,27.5031,685.6751,0.795,19.1898,334665.0326,18.8183,1561
2026-01-27T22:53:03.770092,Attention,robustvision,Participant_10,1,99,34.8387,730604.1579,34.3402,854.7539,0.6814,19.0258,328376.4589,18.6549,1561
2026-01-27T22:53:28.967886,Attention,robustvision,Participant_10,1,100,24.6101,393035.605,24.1149,626.9255,0.8297,19.212,334176.5587,18.8409,1561
2026-01-27T22:53:58.905660,Attention,robustvision,Participant_10,1,101,22.6327,347329.8931,22.1379,589.347,0.8474,17.6967,285916.6101,17.3256,1561
2026-01-27T22:54:23.063809,Attention,robustvision,Participant_10,1,102,26.2469,449096.0512,25.7517,670.1463,0.8039,17.1465,275270.6399,16.7758,1561
2026-01-27T22:54:48.654631,Attention,robustvision,Participant_10,1,103,25.0544,409061.1754,24.5625,639.5789,0.8224,15.884,237679.5274,15.5139,1561
2026-01-27T22:55:14.133152,Attention,robustvision,Participant_10,1,104,21.9398,312450.8304,21.4451,558.973,0.8636,15.6542,231615.8659,15.2838,1561
2026-01-27T22:55:48.486416,Attention,robustvision,Participant_10,1,105,24.2099,368164.76,23.7158,606.7658,0.8383,14.8314,211474.9003,14.4618,1561
2026-01-27T22:56:23.185755,Attention,robustvision,Participant_10,1,106,28.2314,539335.8823,27.7394,734.3949,0.7626,17.7657,285748.7917,17.395,1561
2026-01-27T22:56:53.945375,Attention,robustvision,Participant_10,1,107,26.7465,460431.7519,26.2507,678.5512,0.7994,18.1675,297962.982,17.7966,1561
2026-01-27T22:57:26.722629,Attention,robustvision,Participant_10,1,108,24.7178,424077.6082,24.2236,651.2124,0.813,16.1193,243318.4247,15.7489,1561
2026-01-27T22:57:53.746972,Attention,robustvision,Participant_10,1,109,24.7653,371385.95,24.2675,609.4144,0.8363,16.6622,256734.7839,16.2918,1561
2026-01-27T22:58:18.069431,Attention,robustvision,Participant_10,1,110,19.3885,268631.5771,18.8947,518.2968,0.8819,15.6204,238893.2527,15.2505,1561
2026-01-27T22:58:52.341368,Attention,robustvision,Participant_10,1,111,22.2083,300119.8779,21.7136,547.832,0.8685,15.7156,233059.7103,15.3455,1561
2026-01-27T22:59:15.524044,Attention,robustvision,Participant_10,1,112,28.13,493329.5977,27.6321,702.3743,0.7844,20.857,390063.2873,20.4857,1561
2026-01-27T22:59:40.075295,Attention,robustvision,Participant_10,1,113,22.44,359769.6075,21.9458,599.808,0.8434,20.067,360026.6595,19.6957,1561
2026-01-27T23:00:03.196373,Attention,robustvision,Participant_10,1,114,32.5066,604324.7843,32.0085,777.3833,0.7349,17.2927,285958.6486,16.9221,1561
2026-01-27T23:00:26.240827,Attention,robustvision,Participant_10,1,115,23.7971,409203.2262,23.3031,639.6899,0.8215,17.568,296650.072,17.1973,1561
2026-01-27T23:00:50.730625,Attention,robustvision,Participant_10,1,116,29.5005,585199.9747,29.005,764.9836,0.7475,17.1026,282160.5056,16.7322,1561
2026-01-27T23:01:13.065790,Attention,robustvision,Participant_10,1,117,24.4449,382380.0531,23.9471,618.3689,0.8323,17.7187,292669.7742,17.3479,1561
2026-01-27T23:01:36.420318,Attention,robustvision,Participant_10,1,118,24.691,445963.8305,24.1946,667.8052,0.8029,15.8786,241665.9005,15.5084,1561
2026-01-27T23:01:58.203368,Attention,robustvision,Participant_10,1,119,26.4236,422628.6706,25.9283,650.099,0.8154,16.6803,259562.1251,16.3098,1561
2026-01-27T23:02:19.717638,Attention,robustvision,Participant_10,1,120,23.3754,381644.4385,22.8791,617.7738,0.8359,15.3417,231397.9546,14.9714,1561
2026-01-27T23:02:42.481927,Attention,robustvision,Participant_10,1,121,38.6243,927519.9557,38.1272,963.0784,0.5982,21.4883,410771.3704,21.1165,1561
2026-01-27T23:03:04.389901,Attention,robustvision,Participant_10,1,122,29.2186,547039.6191,28.7214,739.6213,0.7621,20.5727,383016.4247,20.2012,1561
2026-01-27T23:03:25.814821,Attention,robustvision,Participant_10,1,123,28.6882,518905.4127,28.191,720.3509,0.7735,17.3135,287023.7137,16.9425,1561
2026-01-27T23:03:47.578900,Attention,robustvision,Participant_10,1,124,23.4346,350032.5448,22.94,591.6355,0.8476,16.7838,271023.5672,16.4131,1561
2026-01-27T23:04:09.924301,Attention,robustvision,Participant_10,1,125,28.0204,490268.4091,27.5229,700.1917,0.786,16.9439,277906.9709,16.5736,1561
2026-01-27T23:04:31.368176,Attention,robustvision,Participant_10,1,126,24.2603,377574.5659,23.7644,614.471,0.8357,17.6374,290426.4297,17.2662,1561
2026-01-27T23:04:53.729049,Attention,robustvision,Participant_10,1,127,25.9767,428155.9935,25.4797,654.3363,0.8119,15.7529,242073.0724,15.3828,1561
2026-01-27T23:05:15.074576,Attention,robustvision,Participant_10,1,128,24.3061,351584.1719,23.8081,592.9453,0.8476,15.4404,232811.6917,15.0701,1561
2026-01-27T23:05:37.083330,Attention,robustvision,Participant_10,1,129,25.7864,411560.5733,25.2895,641.5299,0.8197,16.6854,262536.0463,16.3149,1561
2026-01-27T23:05:58.275510,Attention,robustvision,Participant_10,1,130,29.2627,553922.568,28.7683,744.2597,0.758,15.4825,229574.0279,15.112,1561
2026-01-27T23:06:20.371761,Attention,robustvision,Participant_10,1,131,30.9072,592687.6598,30.4093,769.8621,0.742,18.5445,317089.6077,18.1737,1561
2026-01-27T23:06:42.964595,Attention,robustvision,Participant_10,1,132,31.3858,633273.772,30.889,795.785,0.722,20.3372,372336.4427,19.9656,1561
2026-01-27T23:07:05.500182,Attention,robustvision,Participant_10,1,133,21.9522,348436.4121,21.4586,590.285,0.8474,18.2254,310614.9684,17.8545,1561
2026-01-27T23:07:29.110687,Attention,robustvision,Participant_10,1,134,26.6998,414723.8552,26.2036,643.9906,0.8192,17.4938,286943.4272,17.123,1561
2026-01-27T23:07:51.340614,Attention,robustvision,Participant_10,1,135,27.4795,456736.0736,26.9812,675.8225,0.7997,15.0325,225223.4884,14.6624,1561
2026-01-27T23:08:13.677907,Attention,robustvision,Participant_10,1,136,26.1445,437382.0866,25.6479,661.3487,0.8089,15.7954,239755.8684,15.4248,1561
2026-01-27T23:08:35.743197,Attention,robustvision,Participant_10,1,137,31.8247,610009.2527,31.3278,781.0309,0.7341,17.9613,299834.3958,17.5904,1561
2026-01-27T23:08:58.474505,Attention,robustvision,Participant_10,1,138,26.1369,481151.9597,25.6423,693.6512,0.7921,15.8343,240928.3599,15.4642,1561
2026-01-27T23:09:22.310302,Attention,robustvision,Participant_10,1,139,25.525,507758.3128,25.0323,712.5716,0.7768,16.5829,257954.85,16.2124,1561
2026-01-27T23:09:43.394689,Attention,robustvision,Participant_10,1,140,26.0215,401685.9039,25.5241,633.787,0.825,19.6792,351604.6998,19.3079,1561
2026-01-27T23:10:05.777003,Attention,robustvision,Participant_10,1,141,19.4766,283187.9064,18.984,532.154,0.8777,16.4166,255115.0821,16.0465,1561
2026-01-27T23:10:27.603798,Attention,robustvision,Participant_10,1,142,25.8865,432483.8932,25.3903,657.6351,0.8125,16.6092,258455.1775,16.2386,1561
2026-01-27T23:10:49.000001,Attention,robustvision,Participant_10,1,143,30.3011,625137.9694,29.8049,790.6567,0.7277,27.7524,644225.5485,27.38,1561
2026-01-27T23:11:11.006757,Attention,robustvision,Participant_10,1,144,26.3586,432138.5577,25.8609,657.3725,0.8119,27.6104,617734.3614,27.2376,1561
2026-01-27T23:11:33.263070,Attention,robustvision,Participant_10,1,145,31.2166,552170.5221,30.7191,743.0818,0.759,22.6522,448565.8334,22.2802,1561
2026-01-27T23:11:54.968884,Attention,robustvision,Participant_10,1,146,25.4235,401493.5125,24.927,633.6352,0.8242,20.7264,396721.161,20.3549,1561
2026-01-27T23:12:17.862719,Attention,robustvision,Participant_10,1,147,26.417,420078.06,25.9213,648.1343,0.818,19.4726,350993.2973,19.1015,1561
2026-01-27T23:12:39.929738,Attention,robustvision,Participant_10,1,148,31.345,584480.5657,30.847,764.5133,0.7427,17.4602,297266.6492,17.0897,1561
2026-01-27T23:13:01.064190,Attention,robustvision,Participant_10,1,149,23.796,356842.0231,23.3022,597.3626,0.8459,16.576,268644.3093,16.2056,1561
2026-01-27T23:13:22.880168,Attention,robustvision,Participant_10,1,150,25.5767,480764.7452,25.0855,693.372,0.7887,16.594,270331.4909,16.2233,1561
2026-01-27T23:13:44.386149,Attention,robustvision,Participant_10,1,151,33.3058,679985.5163,32.8101,824.6123,0.7048,20.482,362027.1014,20.1106,1561
2026-01-27T23:14:09.799256,Attention,robustvision,Participant_10,1,152,31.2039,589706.5768,30.7057,767.9235,0.7426,18.8122,314609.7047,18.4411,1561
2026-01-27T23:14:33.402143,Attention,robustvision,Participant_10,1,153,30.3047,638389.0225,29.8085,798.9925,0.7251,19.8006,344787.5623,19.4289,1561
2026-01-27T23:14:55.901974,Attention,robustvision,Participant_10,1,154,25.6657,419993.899,25.1703,648.0694,0.817,20.3053,372949.4196,19.9335,1561
2026-01-27T23:15:20.764346,Attention,robustvision,Participant_10,1,155,31.4691,578231.552,30.9706,760.4154,0.7452,19.4459,349682.0385,19.0749,1561
2026-01-27T23:15:41.777943,Attention,robustvision,Participant_10,1,156,24.7355,420296.5505,24.2404,648.3028,0.8148,17.6833,296693.2502,17.3129,1561
2026-01-27T23:16:04.153300,Attention,robustvision,Participant_10,1,157,27.1988,529455.1798,26.7032,727.6367,0.7701,16.7073,272971.314,16.337,1561
2026-01-27T23:16:27.115514,Attention,robustvision,Participant_10,1,158,30.8865,574924.314,30.3912,758.2376,0.75,17.1536,280786.7317,16.7833,1561
2026-01-27T23:16:49.184810,Attention,robustvision,Participant_10,1,159,32.2503,645778.1226,31.7535,803.6032,0.7228,16.8445,269533.8291,16.474,1561
2026-01-27T23:17:12.431232,Attention,robustvision,Participant_10,1,160,27.7293,527226.3608,27.2325,726.1035,0.7663,15.3245,228357.8661,14.9545,1561
2026-01-27T23:17:35.579027,Attention,robustvision,Participant_10,1,161,24.3782,399017.526,23.8813,631.6783,0.8256,16.5105,256569.9045,16.14,1561
2026-01-27T23:17:57.887856,Attention,robustvision,Participant_10,1,162,23.4184,384186.5569,22.9269,619.8278,0.8312,16.2926,250336.3479,15.9222,1561
2026-01-27T23:18:19.590966,Attention,robustvision,Participant_10,1,163,26.1178,436295.8586,25.6219,660.527,0.8093,18.2931,308207.1266,17.9225,1561
2026-01-27T23:18:41.646044,Attention,robustvision,Participant_10,1,164,24.1764,402526.402,23.6806,634.4497,0.8263,20.8322,386967.3489,20.4612,1561
2026-01-27T23:19:04.921315,Attention,robustvision,Participant_10,1,165,23.0643,358988.0988,22.5684,599.1562,0.8428,19.0735,329238.4965,18.7022,1561
2026-01-27T23:19:27.421594,Attention,robustvision,Participant_10,1,166,21.5578,406542.4963,21.0649,637.6069,0.8231,18.3432,307773.4677,17.9723,1561
2026-01-27T23:19:49.898232,Attention,robustvision,Participant_10,1,167,21.4061,302992.4215,20.9107,550.4475,0.8689,17.8612,293491.6701,17.4905,1561
2026-01-27T23:20:13.422735,Attention,robustvision,Participant_10,1,168,23.8145,334933.4338,23.3178,578.7343,0.8544,16.4124,250185.9958,16.0421,1561
2026-01-27T23:20:36.376982,Attention,robustvision,Participant_10,1,169,24.4657,425908.0757,23.9732,652.6163,0.8138,17.2823,276151.8023,16.9118,1561
2026-01-27T23:20:59.314895,Attention,robustvision,Participant_10,1,170,23.3768,358558.4786,22.8816,598.7975,0.8441,15.9883,242947.3206,15.6181,1561
2026-01-27T23:21:30.502212,Attention,robustvision,Participant_10,1,171,28.5452,508053.0463,28.0489,712.7784,0.776,15.8697,244958.5707,15.4995,1561
2026-01-27T23:21:56.131336,Attention,robustvision,Participant_10,1,172,25.5,458972.9376,25.0037,677.4754,0.7995,19.6494,347698.393,19.2783,1561
2026-01-27T23:22:19.527503,Attention,robustvision,Participant_10,1,173,25.7876,418976.2426,25.2902,647.2837,0.818,17.6322,289102.2291,17.2612,1561
2026-01-27T23:22:43.464515,Attention,robustvision,Participant_10,1,174,30.721,519391.4919,30.2229,720.6882,0.7723,15.6416,240251.7061,15.2714,1561
2026-01-27T23:23:06.686492,Attention,robustvision,Participant_10,1,175,33.2614,651232.768,32.7615,806.9899,0.7169,24.2458,512930.7336,23.8736,1561
2026-01-27T23:23:28.656363,Attention,robustvision,Participant_10,1,176,22.7679,407274.8854,22.2746,638.1809,0.8247,20.1062,364609.0051,19.7352,1561
2026-01-27T23:23:52.449475,Attention,robustvision,Participant_10,1,177,20.138,265963.1466,19.644,515.7161,0.8845,19.7264,345968.8488,19.3547,1561
2026-01-27T23:24:15.541244,Attention,robustvision,Participant_10,1,178,20.547,310507.1126,20.0527,557.2317,0.8655,17.3117,278378.1221,16.9409,1561
2026-01-27T23:24:51.190343,Attention,robustvision,Participant_4,2,0,22.2764,336556.5166,21.7804,580.1349,0.8627,28.4038,741770.1875,28.0317,1009
2026-01-27T23:25:13.003343,Attention,robustvision,Participant_4,2,1,19.3238,245716.3473,18.8282,495.6978,0.9002,19.3736,339352.8415,19.0027,1009
2026-01-27T23:25:36.942794,Attention,robustvision,Participant_4,2,2,22.1413,292572.0791,21.6431,540.8993,0.8805,18.8594,328875.0435,18.4885,1009
2026-01-27T23:25:59.752009,Attention,robustvision,Participant_4,2,3,31.0017,678279.2619,30.5046,823.5771,0.7224,19.0772,327416.9321,18.7063,1009
2026-01-27T23:26:23.663145,Attention,robustvision,Participant_4,2,4,18.9113,204092.2601,18.4152,451.7657,0.9164,18.7581,312135.9913,18.3872,1009
2026-01-27T23:26:46.625495,Attention,robustvision,Participant_4,2,5,17.8522,206073.1929,17.3568,453.9529,0.9167,17.9703,293771.633,17.5995,1009
2026-01-27T23:27:08.323990,Attention,robustvision,Participant_4,2,6,17.4307,248568.0576,16.9427,498.566,0.8969,15.7978,238432.509,15.4273,1009
2026-01-27T23:27:32.395865,Attention,robustvision,Participant_4,2,7,20.125,263102.9059,19.6303,512.9356,0.8913,16.6884,255322.134,16.3179,1009
2026-01-27T23:28:04.714148,Attention,robustvision,Participant_4,2,8,23.3114,326210.3726,22.814,571.1483,0.8672,16.4492,252980.5515,16.0787,1009
2026-01-27T23:28:34.713722,Attention,robustvision,Participant_4,2,9,17.8509,280560.2338,17.3585,529.6794,0.888,17.4202,295361.2961,17.0493,1009
2026-01-27T23:29:08.055839,Attention,robustvision,Participant_4,2,10,20.6276,269448.1715,20.1323,519.084,0.8915,16.4518,264581.2126,16.0816,1009
2026-01-27T23:29:38.805769,Attention,robustvision,Participant_4,2,11,16.9863,233517.54,16.4919,483.2365,0.9064,18.5794,323963.5843,18.2085,1009
2026-01-27T23:30:12.553479,Attention,robustvision,Participant_4,2,12,20.3032,277884.4741,19.8076,527.1475,0.8873,18.706,324140.5244,18.3349,1009
2026-01-27T23:30:46.681987,Attention,robustvision,Participant_4,2,13,23.0217,398961.5519,22.5271,631.634,0.8379,17.9351,309545.8334,17.5644,1009
2026-01-27T23:31:13.766133,Attention,robustvision,Participant_4,2,14,19.734,237249.1808,19.2398,487.0823,0.9022,16.2873,261902.7242,15.917,1009
2026-01-27T23:31:39.238467,Attention,robustvision,Participant_4,2,15,18.1411,261240.1528,17.6488,511.1166,0.8952,15.7276,244700.139,15.3576,1009
2026-01-27T23:32:03.212672,Attention,robustvision,Participant_4,2,16,15.7477,169002.6766,15.2554,411.0994,0.9317,16.3811,264129.9544,16.0109,1009
2026-01-27T23:32:34.868124,Attention,robustvision,Participant_4,2,17,19.7148,317547.6888,19.2237,563.5137,0.8723,15.8895,252966.5794,15.5192,1009
2026-01-27T23:32:57.123250,Attention,robustvision,Participant_4,2,18,14.1576,179115.3353,13.6693,423.2202,0.9266,16.58,263528.3411,16.2097,1009
2026-01-27T23:33:19.375081,Attention,robustvision,Participant_4,2,19,14.7414,159542.5387,14.248,399.4278,0.9358,16.4586,252784.9604,16.0886,1009
2026-01-27T23:33:41.541792,Attention,robustvision,Participant_4,2,20,17.8812,219985.2664,17.3866,469.0259,0.9099,17.0691,275564.1666,16.6989,1009
2026-01-27T23:34:04.774085,Attention,robustvision,Participant_4,2,21,19.5309,279907.5324,19.0368,529.0629,0.888,17.0526,280921.3814,16.6823,1009
2026-01-27T23:34:27.062482,Attention,robustvision,Participant_4,2,22,18.6255,247204.1187,18.131,497.1963,0.8997,18.4742,307227.9876,18.1034,1009
2026-01-27T23:34:49.942252,Attention,robustvision,Participant_4,2,23,24.6264,414789.5819,24.1306,644.0416,0.8297,21.6425,414595.774,21.2714,1009
2026-01-27T23:35:10.581587,Attention,robustvision,Participant_4,2,24,25.4989,453420.607,25.0022,673.3651,0.8174,23.6611,475982.0914,23.2891,1009
2026-01-27T23:35:32.845166,Attention,robustvision,Participant_4,2,25,19.4347,256616.8079,18.9398,506.5736,0.8942,20.8766,390655.6102,20.5053,1009
2026-01-27T23:35:55.323560,Attention,robustvision,Participant_4,2,26,19.6497,269735.8418,19.1556,519.361,0.8903,21.1981,396052.4341,20.8267,1009
2026-01-27T23:36:17.082440,Attention,robustvision,Participant_4,2,27,18.2829,220443.6338,17.7899,469.5143,0.9096,17.9578,298457.1461,17.5869,1009
2026-01-27T23:36:38.958173,Attention,robustvision,Participant_4,2,28,15.2094,161140.4808,14.7182,401.4231,0.9346,17.4255,296301.824,17.0548,1009
2026-01-27T23:37:01.522109,Attention,robustvision,Participant_4,2,29,16.7777,199183.3964,16.2864,446.2997,0.919,18.6638,322018.5771,18.2928,1009
2026-01-27T23:37:22.983794,Attention,robustvision,Participant_4,2,30,21.1128,277289.8745,20.6184,526.5832,0.8863,16.6011,265813.8988,16.2306,1009
2026-01-27T23:37:44.676779,Attention,robustvision,Participant_4,2,31,19.0037,312268.8673,18.5108,558.8102,0.8751,17.5785,295504.7962,17.208,1009
2026-01-27T23:38:07.765061,Attention,robustvision,Participant_4,2,32,18.6972,242523.0609,18.2038,492.4663,0.9007,18.9847,329051.2077,18.614,1009
2026-01-27T23:38:30.591376,Attention,robustvision,Participant_4,2,33,18.8739,213262.6883,18.3795,461.8037,0.9138,16.7772,268882.2815,16.4068,1009
2026-01-27T23:38:52.594772,Attention,robustvision,Participant_4,2,34,23.3886,336543.1624,22.8934,580.1234,0.8629,23.8805,479758.1342,23.5085,1009
2026-01-27T23:39:14.797284,Attention,robustvision,Participant_4,2,35,24.561,421190.5272,24.0668,648.9919,0.8292,24.3194,506195.4593,23.9475,1009
2026-01-27T23:39:36.555294,Attention,robustvision,Participant_4,2,36,21.4685,320469.4514,20.972,566.1002,0.8708,21.5828,413459.525,21.2113,1009
2026-01-27T23:39:59.297465,Attention,robustvision,Participant_4,2,37,22.3011,327345.9315,21.8052,572.1415,0.8669,20.17,368862.2713,19.7988,1009
2026-01-27T23:40:22.118163,Attention,robustvision,Participant_4,2,38,24.1628,369180.5619,23.6649,607.6023,0.8501,21.0581,386444.5418,20.6868,1009
2026-01-27T23:40:43.965484,Attention,robustvision,Participant_4,2,39,29.5016,691512.0506,29.0067,831.572,0.7163,18.9128,319959.7606,18.5417,1009
2026-01-27T23:41:05.532047,Attention,robustvision,Participant_4,2,40,19.5926,288827.2558,19.0995,537.4265,0.8808,20.1137,352857.5992,19.7424,1009
2026-01-27T23:41:27.911013,Attention,robustvision,Participant_4,2,41,21.0594,360251.9214,20.5679,600.2099,0.8535,18.5998,316078.4313,18.2286,1009
2026-01-27T23:41:48.309428,Attention,robustvision,Participant_4,2,42,21.3683,425093.4943,20.8776,651.9919,0.8258,16.9893,275510.3071,16.619,1009
2026-01-27T23:42:09.408383,Attention,robustvision,Participant_4,2,43,20.247,253059.6193,19.7531,503.0503,0.8977,19.1287,327533.1986,18.7576,1009
2026-01-27T23:42:31.189917,Attention,robustvision,Participant_4,2,44,22.1225,318044.9849,21.6288,563.9548,0.8714,21.0779,394412.684,20.7062,1009
2026-01-27T23:42:51.706042,Attention,robustvision,Participant_4,2,45,24.1604,356932.1753,23.6648,597.438,0.8557,26.8883,606069.2355,26.5161,1009
2026-01-27T23:43:13.936514,Attention,robustvision,Participant_4,2,46,24.3115,394910.5837,23.813,628.4191,0.8372,23.2782,469631.3043,22.9059,1009
2026-01-27T23:43:36.452569,Attention,robustvision,Participant_4,2,47,24.2159,471310.5969,23.7211,686.5206,0.8064,23.9435,487459.8609,23.5716,1009
2026-01-27T23:43:57.208909,Attention,robustvision,Participant_4,2,48,18.7902,259391.7854,18.2987,509.3052,0.8955,20.6856,376280.8985,20.3141,1009
2026-01-27T23:44:17.514997,Attention,robustvision,Participant_4,2,49,25.4869,422135.5452,24.9894,649.7196,0.8265,19.7307,340699.7195,19.3592,1009
2026-01-27T23:44:38.395717,Attention,robustvision,Participant_4,2,50,20.9203,308187.6353,20.4262,555.1465,0.875,19.7569,340551.8964,19.3852,1009
2026-01-27T23:44:59.540943,Attention,robustvision,Participant_4,2,51,18.7333,282020.1624,18.2396,531.0557,0.887,20.4042,364197.4144,20.0327,1009
2026-01-27T23:45:28.879309,Attention,robustvision,Participant_4,2,52,19.6626,281720.6165,19.1684,530.7736,0.8863,20.5975,369714.0799,20.226,1009
2026-01-27T23:45:52.398907,Attention,robustvision,Participant_4,2,53,22.5335,414670.0688,22.0392,643.9488,0.8352,17.9952,298423.9653,17.6245,1009
2026-01-27T23:46:13.346921,Attention,robustvision,Participant_4,2,54,32.1992,603682.6062,31.7005,776.9701,0.7564,17.622,279138.6883,17.2509,1009
2026-01-27T23:46:35.390521,Attention,robustvision,Participant_4,2,55,23.9495,449200.5905,23.4535,670.2243,0.8159,17.5202,276413.0247,17.1495,1009
2026-01-27T23:46:55.862129,Attention,robustvision,Participant_4,2,56,12.0118,112712.9449,11.52,335.7275,0.9552,16.3658,245719.4849,15.9955,1009
2026-01-27T23:47:18.038007,Attention,robustvision,Participant_4,2,57,16.7326,206360.0746,16.2406,454.2687,0.9151,16.1687,241130.4461,15.7983,1009
2026-01-27T23:47:38.606694,Attention,robustvision,Participant_4,2,58,17.8216,229316.4685,17.3285,478.87,0.9068,15.9793,229863.4067,15.6088,1009
2026-01-27T23:48:00.509794,Attention,robustvision,Participant_4,2,59,19.2095,331143.9004,18.7203,575.451,0.8657,15.4759,219841.8748,15.1057,1009
2026-01-27T23:48:23.551133,Attention,robustvision,Participant_4,2,60,18.345,238991.2759,17.8508,488.8673,0.9046,15.5939,224122.554,15.2241,1009
2026-01-27T23:48:45.212128,Attention,robustvision,Participant_4,2,61,28.9535,712192.5758,28.456,843.915,0.7137,14.9491,210620.2073,14.5789,1009
2026-01-27T23:49:05.775551,Attention,robustvision,Participant_4,2,62,18.2154,267785.7141,17.7236,517.4802,0.8912,18.5231,314233.4536,18.1522,1009
2026-01-27T23:49:27.005531,Attention,robustvision,Participant_4,2,63,26.169,390363.6179,25.6722,624.7909,0.8395,17.906,290753.3376,17.5354,1009
2026-01-27T23:49:47.939133,Attention,robustvision,Participant_4,2,64,23.9337,360075.1115,23.4372,600.0626,0.8535,22.5956,441826.3659,22.2236,1009
2026-01-27T23:50:10.400496,Attention,robustvision,Participant_4,2,65,21.8199,427947.7715,21.3287,654.1772,0.8283,18.5904,306766.4457,18.2195,1009
2026-01-27T23:50:31.862631,Attention,robustvision,Participant_4,2,66,18.9813,245075.326,18.4871,495.0508,0.9008,16.3455,241329.5445,15.975,1009
2026-01-27T23:50:53.039543,Attention,robustvision,Participant_4,2,67,20.5441,310348.8613,20.0493,557.0896,0.8722,16.5774,255778.1017,16.2072,1009
2026-01-27T23:51:19.131829,Attention,robustvision,Participant_4,2,68,26.6996,597882.0123,26.2032,773.2283,0.7559,16.2013,247039.5829,15.8312,1009
2026-01-27T23:51:46.353371,Attention,robustvision,Participant_4,2,69,22.8414,345875.9598,22.3473,588.1122,0.8591,15.7004,232689.042,15.3301,1009
2026-01-27T23:52:10.065459,Attention,robustvision,Participant_4,2,70,34.5394,990177.3857,34.0467,995.0766,0.603,14.9633,211494.6836,14.5935,1009
2026-01-27T23:52:31.799640,Attention,robustvision,Participant_4,2,71,25.8619,469982.587,25.3659,685.5528,0.807,15.2383,212815.828,14.8683,1009
2026-01-27T23:52:53.787832,Attention,robustvision,Participant_4,2,72,24.9744,434349.519,24.4806,659.052,0.8231,14.4861,200100.2077,14.1166,1009
2026-01-27T23:53:15.835508,Attention,robustvision,Participant_4,2,73,15.1107,188521.8033,14.6186,434.191,0.9236,15.7542,231352.8954,15.3842,1009
2026-01-27T23:53:37.019126,Attention,robustvision,Participant_4,2,74,17.9186,246487.0485,17.4263,496.4746,0.9002,16.3424,245503.2252,15.9716,1009
2026-01-27T23:53:56.419823,Attention,robustvision,Participant_4,2,75,21.5157,304558.675,21.0196,551.8683,0.8761,16.6184,256511.5592,16.248,1009
2026-01-27T23:54:19.022826,Attention,robustvision,Participant_4,2,76,18.3116,248612.3274,17.8194,498.6104,0.8979,16.8545,264975.8988,16.4837,1009
2026-01-27T23:54:42.283461,Attention,robustvision,Participant_4,2,77,15.7658,173522.3187,15.2725,416.5601,0.9309,14.5962,212947.0493,14.2269,1009
2026-01-27T23:55:04.113796,Attention,robustvision,Participant_4,2,78,17.2538,232929.9381,16.7588,482.6282,0.9052,16.3557,249679.5771,15.9852,1009
2026-01-27T23:55:24.504079,Attention,robustvision,Participant_4,2,79,22.5977,363327.54,22.1012,602.7666,0.853,17.5051,284463.8339,17.1344,1009
2026-01-27T23:55:44.439985,Attention,robustvision,Participant_4,2,80,17.8406,238367.1131,17.3491,488.2285,0.9027,19.5598,341245.6297,19.1884,1009
2026-01-27T23:56:05.487258,Attention,robustvision,Participant_4,2,81,20.1245,260049.5108,19.6279,509.9505,0.8952,17.1679,268945.2824,16.7972,1009
2026-01-27T23:56:25.224461,Attention,robustvision,Participant_4,2,82,21.1175,293341.2901,20.6201,541.6099,0.8808,16.3998,251359.7967,16.0294,1009
2026-01-27T23:56:46.815318,Attention,robustvision,Participant_4,2,83,19.4043,258489.3776,18.9112,508.4185,0.8943,14.9562,213727.6915,14.5867,1009
2026-01-27T23:57:07.925753,Attention,robustvision,Participant_4,2,84,29.1429,656348.9454,28.6462,810.1537,0.7379,16.6031,256773.028,16.2328,1009
2026-01-27T23:57:29.614210,Attention,robustvision,Participant_4,2,85,22.0989,304824.4035,21.6055,552.1091,0.875,19.9041,355137.4307,19.5331,1009
2026-01-27T23:57:52.344147,Attention,robustvision,Participant_4,2,86,16.3418,231076.7971,15.8524,480.7045,0.9066,16.2413,249475.934,15.8712,1009
2026-01-27T23:58:16.445046,Attention,robustvision,Participant_4,2,87,19.772,254252.415,19.2805,504.2345,0.8959,15.9823,243090.3957,15.6121,1009
2026-01-27T23:58:40.358241,Attention,robustvision,Participant_4,2,88,18.169,284632.9603,17.6771,533.51,0.8861,15.2275,224556.6065,14.8574,1009
2026-01-27T23:59:07.780415,Attention,robustvision,Participant_4,2,89,21.2852,321675.8704,20.7901,567.1648,0.8704,16.5671,252606.9125,16.1964,1009
2026-01-27T23:59:33.198478,Attention,robustvision,Participant_4,2,90,15.8461,197974.87,15.3561,444.9437,0.9217,16.9953,261272.1342,16.6245,1009
2026-01-27T23:59:56.559543,Attention,robustvision,Participant_4,2,91,20.5608,267358.7807,20.0654,517.0675,0.89,16.709,258130.5941,16.3386,1009
2026-01-28T00:00:22.380638,Attention,robustvision,Participant_4,2,92,25.5104,417005.6822,25.0127,645.7598,0.8279,18.4624,303059.1723,18.0918,1009
2026-01-28T00:00:45.615449,Attention,robustvision,Participant_4,2,93,21.865,303251.4646,21.3701,550.6827,0.8756,19.2316,328674.1382,18.8604,1009
2026-01-28T00:01:10.060384,Attention,robustvision,Participant_4,2,94,28.4069,518356.0351,27.9107,719.9695,0.7887,17.5932,288573.0453,17.2226,1009
2026-01-28T00:01:35.055138,Attention,robustvision,Participant_4,2,95,16.4918,179520.1269,16.0007,423.6982,0.9274,17.7927,288330.5388,17.4218,1009
2026-01-28T00:01:58.537684,Attention,robustvision,Participant_4,2,96,17.5692,218476.9957,17.0771,467.4152,0.9104,17.4239,292731.0882,17.0536,1009
2026-01-28T00:02:21.980795,Attention,robustvision,Participant_4,2,97,14.1882,150538.6479,13.6963,387.9931,0.94,17.3806,291942.6895,17.0104,1009
2026-01-28T00:02:44.622787,Attention,robustvision,Participant_4,2,98,30.5328,588341.9602,30.0368,767.0345,0.7567,17.522,299011.1078,17.1515,1009
2026-01-28T00:03:07.844884,Attention,robustvision,Participant_4,2,99,22.0257,323756.4597,21.5305,568.996,0.8659,15.5988,240328.7226,15.2287,1009
2026-01-28T00:03:30.872681,Attention,robustvision,Participant_4,2,100,18.6573,257037.854,18.1635,506.989,0.8972,15.5361,238557.7306,15.1662,1009
2026-01-28T00:03:54.325573,Attention,robustvision,Participant_4,2,101,20.3959,262437.6823,19.8989,512.2867,0.8931,16.0749,251220.9054,15.7048,1009
2026-01-28T00:04:17.191699,Attention,robustvision,Participant_4,2,102,12.9554,119785.9411,12.4644,346.1011,0.9507,15.2001,225417.5543,14.83,1009
2026-01-28T00:04:39.102880,Attention,robustvision,Participant_4,2,103,20.3267,289290.1288,19.8342,537.857,0.8821,16.4649,257793.957,16.0947,1009
2026-01-28T00:05:01.339362,Attention,robustvision,Participant_4,2,104,22.0406,382287.3045,21.5466,618.2939,0.846,21.1452,393464.6934,20.7736,1009
2026-01-28T00:05:23.751883,Attention,robustvision,Participant_4,2,105,17.8917,244764.1523,17.4007,494.7364,0.9,19.0839,322095.2012,18.7126,1009
2026-01-28T00:05:46.727007,Attention,robustvision,Participant_4,2,106,20.5959,445824.0557,20.1064,667.7006,0.8221,17.4952,282715.6369,17.1245,1009
2026-01-28T00:06:09.078198,Attention,robustvision,Participant_4,2,107,17.0637,218532.6954,16.5691,467.4748,0.911,17.7995,284459.0971,17.4288,1009
2026-01-28T00:06:31.560383,Attention,robustvision,Participant_4,2,108,23.9109,418342.505,23.4169,646.794,0.8277,16.5871,253672.1318,16.2167,1009
2026-01-28T00:06:56.990144,Attention,robustvision,Participant_4,2,109,23.4396,497842.7445,22.9457,705.5797,0.7986,18.2329,308912.456,17.8619,1009
2026-01-28T00:07:21.128925,Attention,robustvision,Participant_4,2,110,29.9782,590865.5018,29.4807,768.6778,0.7639,18.4272,313501.0962,18.0565,1009
2026-01-28T00:07:44.939069,Attention,robustvision,Participant_4,2,111,23.8123,458215.8925,23.319,676.9165,0.8138,17.262,284082.11,16.8914,1009
2026-01-28T00:08:08.853260,Attention,robustvision,Participant_4,2,112,24.2356,411456.7005,23.7411,641.4489,0.8333,17.9691,297579.037,17.5982,1009
2026-01-28T00:08:32.887661,Attention,robustvision,Participant_4,2,113,23.8867,407865.9848,23.3916,638.6439,0.8379,18.0843,297044.2036,17.7133,1009
2026-01-28T00:08:56.675830,Attention,robustvision,Participant_4,2,114,24.7297,394068.9892,24.234,627.7491,0.8416,16.3857,254398.5475,16.0158,1009
2026-01-28T00:09:19.641186,Attention,robustvision,Participant_4,2,115,25.8786,437085.8126,25.3832,661.1247,0.8225,16.9018,267160.7632,16.5315,1009
2026-01-28T00:09:42.433953,Attention,robustvision,Participant_4,2,116,20.5484,305512.7342,20.0515,552.7321,0.8752,16.5747,253713.2566,16.2046,1009
2026-01-28T00:10:06.490641,Attention,robustvision,Participant_4,2,117,20.0696,294191.988,19.574,542.3947,0.883,15.5013,218587.198,15.1314,1009
2026-01-28T00:10:28.925060,Attention,robustvision,Participant_4,2,118,24.5961,384046.9848,24.1015,619.7152,0.8448,16.3541,245849.3357,15.9838,1009
2026-01-28T00:10:49.552258,Attention,robustvision,Participant_4,2,119,19.0928,305318.514,18.6025,552.5563,0.8767,15.3783,219989.4102,15.0082,1009
2026-01-28T00:11:10.978485,Attention,robustvision,Participant_4,2,120,17.457,287074.8626,16.9653,535.7937,0.8852,15.5762,227318.3919,15.2063,1009
2026-01-28T00:11:31.683571,Attention,robustvision,Participant_4,2,121,31.0076,643012.3235,30.5089,801.8805,0.7427,18.9848,322103.3065,18.6138,1009
2026-01-28T00:11:53.238326,Attention,robustvision,Participant_4,2,122,17.5128,250759.6729,17.0212,500.7591,0.8989,16.8885,267356.9279,16.5178,1009
2026-01-28T00:12:14.909594,Attention,robustvision,Participant_4,2,123,22.9879,415474.1826,22.4999,644.5729,0.8282,16.9285,272023.5535,16.5582,1009
2026-01-28T00:12:35.132525,Attention,robustvision,Participant_4,2,124,20.0119,290027.383,19.5176,538.5419,0.8843,16.9824,264689.015,16.6119,1009
2026-01-28T00:12:55.283307,Attention,robustvision,Participant_4,2,125,16.9676,235117.1937,16.473,484.8888,0.9026,15.8923,234763.3631,15.5222,1009
2026-01-28T00:13:15.106059,Attention,robustvision,Participant_4,2,126,17.6661,238575.7239,17.1768,488.4421,0.9039,20.9193,391247.7143,20.5477,1009
2026-01-28T00:13:33.998138,Attention,robustvision,Participant_4,2,127,18.3448,233119.9641,17.8487,482.825,0.9042,18.8038,328602.1383,18.4329,1009
2026-01-28T00:13:54.546469,Attention,robustvision,Participant_4,2,128,22.0509,302989.1161,21.5579,550.4445,0.8758,17.2241,282263.9602,16.8538,1009
2026-01-28T00:14:14.825523,Attention,robustvision,Participant_4,2,129,26.1792,505172.5174,25.6854,710.7549,0.7961,20.1477,355668.7677,19.7761,1009
2026-01-28T00:14:34.142941,Attention,robustvision,Participant_4,2,130,22.1639,332171.9937,21.6683,576.3436,0.8655,17.1449,276126.4535,16.774,1009
2026-01-28T00:14:53.598270,Attention,robustvision,Participant_4,2,131,20.4914,285133.4448,19.9978,533.9789,0.8841,15.9839,249420.95,15.6136,1009
2026-01-28T00:15:15.134902,Attention,robustvision,Participant_4,2,132,24.7157,450141.2461,24.2219,670.9257,0.8188,15.5175,235733.7134,15.1474,1009
2026-01-28T00:15:34.978278,Attention,robustvision,Participant_4,2,133,18.7426,256862.5707,18.2505,506.8161,0.8945,15.3236,224087.895,14.9537,1009
2026-01-28T00:15:54.777605,Attention,robustvision,Participant_4,2,134,22.319,295365.2857,21.8223,543.4752,0.8804,19.1052,324301.9532,18.7339,1009
2026-01-28T00:16:14.091636,Attention,robustvision,Participant_4,2,135,21.9131,308297.7303,21.419,555.2456,0.8745,17.5467,287518.608,17.1761,1009
2026-01-28T00:16:33.551590,Attention,robustvision,Participant_4,2,136,22.8494,329199.8123,22.3538,573.7594,0.8632,18.9979,335786.0333,18.6266,1009
2026-01-28T00:16:53.283366,Attention,robustvision,Participant_4,2,137,17.9657,235012.0505,17.4733,484.7804,0.9036,19.1969,324164.6169,18.8255,1009
2026-01-28T00:17:12.206414,Attention,robustvision,Participant_4,2,138,32.3378,878132.9094,31.8462,937.0875,0.6465,16.6107,260526.0684,16.2403,1009
2026-01-28T00:17:31.435053,Attention,robustvision,Participant_4,2,139,18.015,242652.8097,17.5233,492.598,0.9021,16.8594,264210.5541,16.489,1009
2026-01-28T00:17:50.338840,Attention,robustvision,Participant_4,2,140,17.9078,290015.5528,17.4176,538.5309,0.883,16.0869,246545.0042,15.7162,1009
2026-01-28T00:18:10.692654,Attention,robustvision,Participant_4,2,141,21.3135,309514.3773,20.8195,556.3402,0.8736,15.8619,238844.7426,15.4913,1009
2026-01-28T00:18:30.507037,Attention,robustvision,Participant_4,2,142,18.9896,252964.5194,18.4943,502.9558,0.8986,15.494,228438.938,15.1234,1009
2026-01-28T00:18:51.431474,Attention,robustvision,Participant_4,2,143,20.3337,321008.2398,19.8417,566.5759,0.8691,17.8781,288587.3599,17.5071,1009
2026-01-28T00:19:13.285522,Attention,robustvision,Participant_4,2,144,18.9197,236669.0769,18.4243,486.4865,0.9016,19.1218,325705.3527,18.7505,1009
2026-01-28T00:19:34.335805,Attention,robustvision,Participant_4,2,145,25.8496,404129.8242,25.3521,635.7121,0.8327,19.5236,340917.1531,19.1526,1009
2026-01-28T00:19:55.120047,Attention,robustvision,Participant_4,2,146,21.6239,300231.0946,21.1301,547.9335,0.8778,18.884,325785.4864,18.5127,1009
2026-01-28T00:20:16.402650,Attention,robustvision,Participant_4,2,147,27.3434,521245.0359,26.8455,721.973,0.7869,17.3545,287566.6961,16.984,1009
2026-01-28T00:20:37.138658,Attention,robustvision,Participant_4,2,148,23.8892,402675.4351,23.3922,634.5671,0.8387,19.1531,336878.9178,18.7819,1009
2026-01-28T00:20:56.881998,Attention,robustvision,Participant_4,2,149,21.1162,305639.042,20.6206,552.8463,0.8736,16.7548,271516.4498,16.3842,1009
2026-01-28T00:21:17.433474,Attention,robustvision,Participant_4,2,150,22.6988,341634.6351,22.2034,584.4952,0.8608,18.3031,308581.4498,17.9324,1009
2026-01-28T00:21:37.743901,Attention,robustvision,Participant_4,2,151,30.4621,516332.9659,29.9633,718.5631,0.7895,21.6898,421411.0546,21.3184,1009
2026-01-28T00:21:57.346035,Attention,robustvision,Participant_4,2,152,30.1407,620201.9365,29.6427,787.529,0.7518,21.81,415588.9721,21.4387,1009
2026-01-28T00:22:16.603192,Attention,robustvision,Participant_4,2,153,35.7714,806572.3439,35.2731,898.0937,0.6675,20.2477,372088.6605,19.8763,1009
2026-01-28T00:22:36.331159,Attention,robustvision,Participant_4,2,154,21.9324,315300.7549,21.4353,561.5165,0.8693,21.6766,428205.4349,21.3052,1009
2026-01-28T00:22:55.308034,Attention,robustvision,Participant_4,2,155,28.9377,508049.5921,28.4401,712.776,0.7944,19.5686,350990.1106,19.1977,1009
2026-01-28T00:23:14.210002,Attention,robustvision,Participant_4,2,156,23.5406,427257.5329,23.0496,653.6494,0.8261,20.928,396619.5338,20.5565,1009
2026-01-28T00:23:33.564479,Attention,robustvision,Participant_4,2,157,21.0706,374154.2855,20.5748,611.6815,0.8467,19.3276,346381.7771,18.9565,1009
2026-01-28T00:23:52.719234,Attention,robustvision,Participant_4,2,158,16.6474,226606.0601,16.1547,476.0316,0.9084,18.4412,316120.5762,18.0702,1009
2026-01-28T00:24:11.824488,Attention,robustvision,Participant_4,2,159,27.0029,479556.9985,26.5057,692.5005,0.8029,17.7444,286044.8767,17.3735,1009
2026-01-28T00:24:32.552635,Attention,robustvision,Participant_4,2,160,27.6579,462150.3377,27.1611,679.8164,0.8082,19.2995,333245.7327,18.9284,1009
2026-01-28T00:24:51.781138,Attention,robustvision,Participant_4,2,161,26.2936,591588.201,25.7985,769.1477,0.7581,22.6026,443976.3721,22.2309,1009
2026-01-28T00:25:11.413815,Attention,robustvision,Participant_4,2,162,26.5456,521738.7819,26.0519,722.3149,0.7871,18.5317,323507.0801,18.161,1009
2026-01-28T00:25:30.297496,Attention,robustvision,Participant_4,2,163,21.1715,280792.3743,20.6743,529.8985,0.884,19.0176,335965.7051,18.6465,1009
2026-01-28T00:25:49.210277,Attention,robustvision,Participant_4,2,164,22.632,343954.7775,22.1386,586.4766,0.8596,18.0366,301459.9865,17.666,1009
2026-01-28T00:26:08.761564,Attention,robustvision,Participant_4,2,165,16.7569,214432.8266,16.2621,463.0689,0.9072,17.3141,281250.7642,16.9434,1009
2026-01-28T00:26:28.443593,Attention,robustvision,Participant_4,2,166,19.2152,249732.8139,18.7213,499.7327,0.8987,16.803,267908.0798,16.4328,1009
2026-01-28T00:26:48.398490,Attention,robustvision,Participant_4,2,167,17.7791,242559.9932,17.2859,492.5038,0.9027,16.3955,262744.0292,16.0254,1009
2026-01-28T00:27:07.714320,Attention,robustvision,Participant_4,2,168,15.3909,192984.1273,14.8991,439.2996,0.9228,16.1794,252737.3544,15.8092,1009
2026-01-28T00:27:27.120659,Attention,robustvision,Participant_4,2,169,27.075,450616.2143,26.5781,671.2795,0.8173,16.1832,248861.613,15.8126,1009
2026-01-28T00:27:47.516712,Attention,robustvision,Participant_4,2,170,21.7189,310497.1961,21.2235,557.2228,0.8725,18.8708,323678.5077,18.4999,1009
2026-01-28T00:28:08.442166,Attention,robustvision,Participant_4,2,171,22.1413,378266.0835,21.6467,615.0334,0.8478,19.1213,334989.3551,18.7503,1009
2026-01-28T00:28:28.232469,Attention,robustvision,Participant_4,2,172,18.418,220509.5139,17.9242,469.5844,0.91,16.5112,256919.5924,16.1409,1009
2026-01-28T00:28:47.927484,Attention,robustvision,Participant_4,2,173,19.2599,248847.4029,18.7648,498.8461,0.8995,16.0597,248691.6502,15.6894,1009
2026-01-28T00:29:07.783608,Attention,robustvision,Participant_4,2,174,23.8784,353808.107,23.3809,594.8177,0.8559,17.2209,273849.6419,16.8505,1009
2026-01-28T00:29:26.446549,Attention,robustvision,Participant_4,2,175,24.8748,440070.7141,24.3798,663.3783,0.8202,18.353,306310.3875,17.9823,1009
2026-01-28T00:29:45.889976,Attention,robustvision,Participant_4,2,176,19.9807,341490.6468,19.4881,584.372,0.8595,19.3549,335150.8922,18.9836,1009
2026-01-28T00:30:05.659741,Attention,robustvision,Participant_4,2,177,21.5967,319374.9161,21.1012,565.1327,0.8701,19.991,367561.3485,19.6198,1009
2026-01-28T00:30:24.654965,Attention,robustvision,Participant_4,2,178,25.8386,383200.6117,25.3412,619.032,0.8445,17.0709,283763.7316,16.7006,1009
2026-01-28T00:30:44.202408,Attention,robustvision,Participant_4,2,179,21.0997,308751.3549,20.6008,555.654,0.8737,17.968,300865.2088,17.597,1009
2026-01-28T00:31:02.847785,Attention,robustvision,Participant_4,2,180,25.719,422371.7835,25.222,649.9014,0.8304,17.6777,294228.9895,17.3068,1009
2026-01-28T00:31:21.064402,Attention,robustvision,Participant_4,2,181,20.6294,315455.4468,20.135,561.6542,0.8714,15.2965,225779.159,14.9264,1009
2026-01-28T00:31:41.095582,Attention,robustvision,Participant_4,2,182,20.589,333880.3636,20.0973,577.8238,0.8671,16.2103,251004.9257,15.8398,1009
2026-01-28T00:32:00.608688,Attention,robustvision,Participant_4,2,183,22.4889,450153.8566,21.997,670.9351,0.815,16.7716,263953.8751,16.401,1009
2026-01-28T00:32:19.780559,Attention,robustvision,Participant_4,2,184,31.9589,581606.8704,31.4606,762.6315,0.7651,16.1039,246838.6273,15.7338,1009
2026-01-28T00:32:39.352408,Attention,robustvision,Participant_4,2,185,20.6664,344240.1506,20.1713,586.7198,0.8572,17.686,283845.737,17.3152,1009
2026-01-28T00:32:58.662240,Attention,robustvision,Participant_4,2,186,20.7227,332807.1356,20.2302,576.8944,0.8634,16.9593,266056.3648,16.5887,1009
2026-01-28T00:33:18.302882,Attention,robustvision,Participant_4,2,187,31.8562,610286.192,31.3579,781.2082,0.7522,21.9809,431538.1695,21.6094,1009
2026-01-28T00:33:37.342026,Attention,robustvision,Participant_4,2,188,19.3764,238753.735,18.8811,488.6243,0.9024,21.7835,423311.9475,21.4117,1009
2026-01-28T00:33:56.241511,Attention,robustvision,Participant_4,2,189,21.2995,304279.9092,20.8034,551.6157,0.8748,18.9627,318864.7169,18.5915,1009
2026-01-28T00:34:16.505466,Attention,robustvision,Participant_4,2,190,20.3516,266740.3983,19.8581,516.4692,0.8901,18.7665,315377.134,18.3952,1009
2026-01-28T00:34:37.025216,Attention,robustvision,Participant_4,2,191,24.9518,397262.5171,24.4556,630.2876,0.8381,20.6572,388095.9767,20.2856,1009
2026-01-28T00:34:57.359876,Attention,robustvision,Participant_4,2,192,28.2114,469174.6006,27.7135,684.9632,0.8091,24.4086,510784.4034,24.0364,1009
2026-01-28T00:35:16.928893,Attention,robustvision,Participant_4,2,193,26.5125,416555.1906,26.0151,645.4109,0.8308,21.2147,412802.6674,20.8434,1009
2026-01-28T00:35:36.806360,Attention,robustvision,Participant_4,2,194,20.7914,317421.433,20.2991,563.4017,0.87,20.2515,374856.9053,19.8802,1009
2026-01-28T00:35:57.836183,Attention,robustvision,Participant_4,2,195,19.8537,251818.62,19.3584,501.8153,0.8982,18.9146,334129.4438,18.5434,1009
2026-01-28T00:36:19.822406,Attention,robustvision,Participant_4,2,196,20.6255,320840.8486,20.131,566.4281,0.8688,20.8839,385470.6328,20.5121,1009
2026-01-28T00:36:41.341732,Attention,robustvision,Participant_4,2,197,29.4009,511325.8294,28.9025,715.0705,0.7908,19.7509,353092.3251,19.3797,1009
2026-01-28T00:37:00.733053,Attention,robustvision,Participant_4,2,198,22.4772,330100.725,21.9813,574.5439,0.8663,18.5351,314535.6573,18.1641,1009
2026-01-28T00:37:20.696482,Attention,robustvision,Participant_4,2,199,19.5178,264342.1569,19.0247,514.1422,0.8887,16.7461,263912.1585,16.3758,1009
2026-01-28T00:37:40.054904,Attention,robustvision,Participant_4,2,200,32.3291,645265.164,31.8327,803.284,0.7391,23.2153,491302.6145,22.8436,1009
2026-01-28T00:37:58.500006,Attention,robustvision,Participant_4,2,201,21.1725,315558.6873,20.6777,561.7461,0.8698,23.9521,504524.2304,23.58,1009
2026-01-28T00:38:18.101859,Attention,robustvision,Participant_4,2,202,17.7216,197757.7086,17.229,444.6996,0.9177,21.3434,430283.862,20.9719,1009
2026-01-28T00:38:37.342052,Attention,robustvision,Participant_4,2,203,26.206,438974.7063,25.7093,662.5517,0.822,19.5568,369674.8203,19.1857,1009
2026-01-28T00:38:56.895734,Attention,robustvision,Participant_4,2,204,18.063,250602.7963,17.5714,500.6024,0.8981,20.0021,386039.7898,19.6311,1009
2026-01-28T00:39:16.234800,Attention,robustvision,Participant_4,2,205,20.6479,299456.0293,20.1534,547.2258,0.8784,18.7547,342047.5308,18.3844,1009
2026-01-28T00:39:35.612698,Attention,robustvision,Participant_4,2,206,20.3091,311936.8131,19.8183,558.513,0.875,22.0123,421207.3566,21.6408,1009
2026-01-28T00:39:54.754196,Attention,robustvision,Participant_4,2,207,20.911,315177.074,20.4141,561.4063,0.8737,22.214,427169.2768,21.842,1009
2026-01-28T00:40:26.801281,Attention,robustvision,Participant_8,3,0,26.6562,359350.0,26.1645,599.4581,0.7635,28.1702,658020.5731,27.7976,374
2026-01-28T00:40:45.843577,Attention,robustvision,Participant_8,3,1,29.1727,457881.125,28.6772,676.6691,0.6986,22.713,436735.1805,22.3409,374
2026-01-28T00:41:05.205974,Attention,robustvision,Participant_8,3,2,24.2914,344077.6875,23.795,586.5814,0.7735,20.5214,380280.026,20.1503,374
2026-01-28T00:41:24.162370,Attention,robustvision,Participant_8,3,3,25.9902,328769.75,25.4914,573.3845,0.7836,18.6616,328260.2737,18.2907,374
2026-01-28T00:41:43.056590,Attention,robustvision,Participant_8,3,4,18.3941,203721.625,17.9008,451.3553,0.8659,17.2219,285124.8839,16.8517,374
2026-01-28T00:42:02.752534,Attention,robustvision,Participant_8,3,5,20.6511,276814.125,20.1563,526.1313,0.8178,22.307,461317.0286,21.9356,374
2026-01-28T00:42:22.191559,Attention,robustvision,Participant_8,3,6,18.872,224863.5625,18.3811,474.1978,0.852,19.1668,361184.2707,18.7959,374
2026-01-28T00:42:41.336921,Attention,robustvision,Participant_8,3,7,17.6295,235176.4531,17.1387,484.9499,0.8452,18.7116,338480.1526,18.3407,374
2026-01-28T00:43:00.341137,Attention,robustvision,Participant_8,3,8,17.4321,217957.125,16.9377,466.8588,0.8565,18.0504,318607.1491,17.6797,374
2026-01-28T00:43:21.839410,Attention,robustvision,Participant_8,3,9,17.5162,220377.75,17.0223,469.4441,0.8549,18.3758,320237.0338,18.0046,374
2026-01-28T00:43:41.739729,Attention,robustvision,Participant_8,3,10,19.8587,263729.4375,19.3635,513.5459,0.8264,17.5922,291716.6098,17.2217,374
2026-01-28T00:44:01.811379,Attention,robustvision,Participant_8,3,11,24.28,317232.3125,23.7883,563.2338,0.7912,17.3623,293162.2815,16.992,374
2026-01-28T00:44:22.779034,Attention,robustvision,Participant_8,3,12,21.6819,276392.125,21.1843,525.7301,0.8181,18.9001,322309.6083,18.5289,374
2026-01-28T00:44:42.719814,Attention,robustvision,Participant_8,3,13,22.2085,266342.625,21.7147,516.0839,0.8247,16.7222,263242.7487,16.3519,374
2026-01-28T00:45:03.540618,Attention,robustvision,Participant_8,3,14,17.5521,202261.5625,17.059,449.735,0.8669,16.2848,248069.8409,15.9144,374
2026-01-28T00:45:23.805515,Attention,robustvision,Participant_8,3,15,19.9203,210552.0469,19.4234,458.8595,0.8614,18.7231,311556.9114,18.3521,374
2026-01-28T00:45:43.520305,Attention,robustvision,Participant_8,3,16,22.085,297101.5938,21.5905,545.0703,0.8045,20.7336,372570.2542,20.3622,374
2026-01-28T00:46:02.930363,Attention,robustvision,Participant_8,3,17,22.2955,274989.5,21.7977,524.3944,0.819,18.5373,310571.3007,18.1661,374
2026-01-28T00:46:22.502262,Attention,robustvision,Participant_8,3,18,22.0549,254302.9844,21.5559,504.2846,0.8326,18.2026,290887.7338,17.8315,374
2026-01-28T00:46:41.375977,Attention,robustvision,Participant_8,3,19,20.2734,231641.5781,19.7788,481.2916,0.8475,16.2655,240323.7146,15.895,374
2026-01-28T00:47:00.186006,Attention,robustvision,Participant_8,3,20,20.3489,297586.0312,19.8517,545.5145,0.8041,15.666,225779.9705,15.296,374
2026-01-28T00:47:19.012617,Attention,robustvision,Participant_8,3,21,19.7173,244272.0625,19.2224,494.2389,0.8392,18.6623,299712.0481,18.2912,374
2026-01-28T00:47:37.610097,Attention,robustvision,Participant_8,3,22,25.0416,413154.5,24.5444,642.771,0.7281,18.2741,300666.4696,17.9032,374
2026-01-28T00:47:56.140872,Attention,robustvision,Participant_8,3,23,16.8059,204846.1875,16.3127,452.5994,0.8652,18.7046,311833.8956,18.3336,374
2026-01-28T00:48:15.337862,Attention,robustvision,Participant_8,3,24,19.9818,254545.6875,19.4844,504.5252,0.8325,16.1772,245561.0617,15.807,374
2026-01-28T00:48:34.060259,Attention,robustvision,Participant_8,3,25,19.805,208666.0312,19.3066,456.7998,0.8627,14.927,216843.396,14.5573,374
2026-01-28T00:48:53.417282,Attention,robustvision,Participant_8,3,26,15.4185,191331.75,14.9345,437.4148,0.8741,15.6986,232126.7629,15.3285,374
2026-01-28T00:49:12.327392,Attention,robustvision,Participant_8,3,27,17.0468,220192.8281,16.5588,469.2471,0.8551,15.6871,241126.9385,15.3175,374
2026-01-28T00:49:31.191678,Attention,robustvision,Participant_8,3,28,18.5023,210792.5938,18.0052,459.1215,0.8613,16.8461,270873.9472,16.4756,374
2026-01-28T00:49:50.451799,Attention,robustvision,Participant_8,3,29,17.2563,200763.875,16.7655,448.0668,0.8679,16.5903,260211.0521,16.22,374
2026-01-28T00:50:09.486688,Attention,robustvision,Participant_8,3,30,20.156,236668.6094,19.6583,486.486,0.8442,15.5832,238478.4557,15.2131,374
2026-01-28T00:50:28.005427,Attention,robustvision,Participant_8,3,31,21.7176,258263.875,21.2247,508.1967,0.83,18.5677,306975.3929,18.1967,374
2026-01-28T00:50:46.686696,Attention,robustvision,Participant_8,3,32,22.104,301303.625,21.6076,548.9113,0.8017,18.2313,307482.8699,17.8601,374
2026-01-28T00:51:05.436016,Attention,robustvision,Participant_8,3,33,18.1493,182832.3281,17.653,427.589,0.8797,16.5662,260595.6556,16.1959,374
2026-01-28T00:51:26.300106,Attention,robustvision,Participant_8,3,34,20.872,250668.4375,20.3778,500.668,0.835,15.2239,226201.9656,14.8538,374
2026-01-28T00:51:46.085859,Attention,robustvision,Participant_8,3,35,21.3164,271576.1875,20.8213,521.1297,0.8213,15.4821,232619.362,15.1119,374
2026-01-28T00:52:05.359191,Attention,robustvision,Participant_8,3,36,19.5512,241621.5625,19.0611,491.5502,0.841,14.8717,218580.1823,14.5016,374
2026-01-28T00:52:26.021628,Attention,robustvision,Participant_8,3,37,19.3302,223900.0,18.8375,473.1807,0.8526,16.8793,268754.8062,16.5091,374
2026-01-28T00:52:45.709248,Attention,robustvision,Participant_8,3,38,17.6063,172017.0156,17.1108,414.7493,0.8868,16.9013,265988.7248,16.5306,374
2026-01-28T00:53:04.896551,Attention,robustvision,Participant_8,3,39,16.2208,171017.4375,15.7265,413.5425,0.8874,17.3466,280936.3632,16.9757,374
2026-01-28T00:53:24.563761,Attention,robustvision,Participant_8,3,40,17.5506,220870.6562,17.0531,469.9688,0.8546,17.5096,286708.2351,17.1388,374
2026-01-28T00:53:44.073292,Attention,robustvision,Participant_8,3,41,18.06,196471.5781,17.5656,443.2511,0.8707,15.6375,237229.1918,15.2672,374
2026-01-28T00:54:04.249076,Attention,robustvision,Participant_8,3,42,16.2413,230906.8125,15.7497,480.5276,0.848,15.6958,240836.1195,15.3255,374
2026-01-28T00:54:23.219415,Attention,robustvision,Participant_8,3,43,16.9167,175044.3438,16.4234,418.383,0.8848,14.6325,211448.5549,14.2626,374
2026-01-28T00:54:42.901339,Attention,robustvision,Participant_8,3,44,17.6268,187115.8594,17.1317,432.5689,0.8768,13.5975,185735.224,13.2283,374
2026-01-28T00:55:02.030370,Attention,robustvision,Participant_8,3,45,25.7306,427265.7812,25.2347,653.6557,0.7188,15.2826,227656.2699,14.9132,374
2026-01-28T00:55:20.488161,Attention,robustvision,Participant_8,3,46,22.1885,321949.1875,21.6939,567.4057,0.7881,20.9442,388213.122,20.5722,374
2026-01-28T00:55:38.695472,Attention,robustvision,Participant_8,3,47,18.5638,188863.2812,18.0678,434.584,0.8757,17.6993,285246.7616,17.3284,374
2026-01-28T00:55:57.817098,Attention,robustvision,Participant_8,3,48,16.2089,145708.7656,15.7165,381.7182,0.9041,15.3871,223455.0369,15.0172,374
2026-01-28T00:56:16.666807,Attention,robustvision,Participant_8,3,49,15.8485,145813.5469,15.3548,381.8554,0.904,15.1189,221644.8926,14.7486,374
2026-01-28T00:56:34.994809,Attention,robustvision,Participant_8,3,50,15.3976,184697.6406,14.9076,429.7646,0.8784,14.4131,208539.9362,14.0435,374
2026-01-28T00:56:53.798904,Attention,robustvision,Participant_8,3,51,18.7242,205038.75,18.2279,452.812,0.865,20.3834,371756.9349,20.012,374
2026-01-28T00:57:12.741607,Attention,robustvision,Participant_8,3,52,18.3348,208700.8125,17.8383,456.8378,0.8626,23.8089,481584.7809,23.437,374
2026-01-28T00:57:31.383051,Attention,robustvision,Participant_8,3,53,21.3298,256768.375,20.8312,506.7232,0.831,18.5624,310801.9834,18.1916,374
2026-01-28T00:57:50.339205,Attention,robustvision,Participant_8,3,54,21.0763,287749.0312,20.5787,536.4224,0.8106,17.8739,290113.709,17.5034,374
2026-01-28T00:58:10.224194,Attention,robustvision,Participant_8,3,55,20.129,244986.0781,19.6336,494.9607,0.8388,17.2161,266575.6485,16.8451,374
2026-01-28T00:58:29.568781,Attention,robustvision,Participant_8,3,56,20.9287,288557.375,20.4344,537.1754,0.8101,17.2519,268384.9724,16.8811,374
2026-01-28T00:58:49.206406,Attention,robustvision,Participant_8,3,57,23.5984,288933.1562,23.1019,537.525,0.8098,17.3548,276455.9631,16.9837,374
2026-01-28T00:59:09.307757,Attention,robustvision,Participant_8,3,58,19.6874,233731.0312,19.1955,483.4574,0.8462,16.0659,251421.9253,15.6956,374
2026-01-28T00:59:28.008492,Attention,robustvision,Participant_8,3,59,22.5999,274412.5625,22.1012,523.844,0.8194,24.9081,557190.4943,24.5363,374
2026-01-28T00:59:47.627128,Attention,robustvision,Participant_8,3,60,24.5844,331994.4688,24.0902,576.1896,0.7815,21.369,410868.7484,20.9973,374
2026-01-28T01:00:07.948868,Attention,robustvision,Participant_8,3,61,18.0234,186025.0938,17.5289,431.3063,0.8776,19.4943,353862.9931,19.1232,374
2026-01-28T01:00:28.558276,Attention,robustvision,Participant_8,3,62,19.3909,189298.25,18.8932,435.0842,0.8754,17.8707,304411.0997,17.4999,374
2026-01-28T01:00:48.179484,Attention,robustvision,Participant_8,3,63,16.22,166018.9844,15.7275,407.4543,0.8907,19.9193,365064.6686,19.5482,374
2026-01-28T01:01:08.546590,Attention,robustvision,Participant_8,3,64,17.3082,222857.0,16.8164,472.0773,0.8533,19.6357,362745.4818,19.2644,374
2026-01-28T01:01:28.718527,Attention,robustvision,Participant_8,3,65,20.4501,296372.0938,19.9539,544.4007,0.8049,17.0997,294520.5109,16.7295,374
2026-01-28T01:01:50.246200,Attention,robustvision,Participant_8,3,66,18.6472,204932.8438,18.1601,452.6951,0.8651,17.0488,286547.3851,16.678,374
2026-01-28T01:02:09.897886,Attention,robustvision,Participant_8,3,67,20.6702,215326.4375,20.1734,464.0328,0.8583,16.9561,279424.4612,16.5861,374
2026-01-28T01:02:29.814587,Attention,robustvision,Participant_8,3,68,19.1014,200851.8906,18.6045,448.165,0.8678,19.9262,364207.2308,19.5552,374
2026-01-28T01:02:49.268171,Attention,robustvision,Participant_8,3,69,21.9355,286744.5625,21.4389,535.4854,0.8113,18.4835,310625.0337,18.1126,374
2026-01-28T01:03:14.361043,Attention,robustvision,Participant_8,3,70,17.9968,209855.4688,17.5016,458.0998,0.8619,17.615,286720.0353,17.2441,374
2026-01-28T01:03:35.077769,Attention,robustvision,Participant_8,3,71,18.3379,190841.5781,17.842,436.8542,0.8744,17.9495,298076.5744,17.579,374
2026-01-28T01:03:55.336489,Attention,robustvision,Participant_8,3,72,19.1384,297649.1875,18.6448,545.5723,0.8041,18.1778,308112.4614,17.8071,374
2026-01-28T01:04:16.053551,Attention,robustvision,Participant_8,3,73,17.7128,261010.3594,17.2197,510.8917,0.8282,18.502,320240.7766,18.1312,374
2026-01-28T01:04:37.397945,Attention,robustvision,Participant_8,3,74,19.7399,300791.3125,19.2452,548.4444,0.802,18.2911,317870.9015,17.9204,374
2026-01-28T01:04:57.900688,Attention,robustvision,Participant_8,3,75,20.1525,224326.4062,19.6572,473.6311,0.8524,23.543,496630.7381,23.1714,374
2026-01-28T01:05:18.273022,Attention,robustvision,Participant_8,3,76,20.1413,342072.5,19.6464,584.8696,0.7749,19.7803,372848.3593,19.4092,374
2026-01-28T01:05:36.999420,Attention,robustvision,Participant_8,3,77,17.1139,198870.875,16.6272,445.9494,0.8691,24.2236,541515.2085,23.8518,374
2026-01-28T01:05:55.911482,Attention,robustvision,Participant_8,3,78,16.6544,206406.9688,16.1632,454.3203,0.8641,24.5568,512879.9206,24.1848,374
2026-01-28T01:06:15.152449,Attention,robustvision,Participant_8,3,79,15.9502,178447.2188,15.4612,422.4301,0.8825,20.7553,382677.7758,20.3842,374
2026-01-28T01:06:33.959358,Attention,robustvision,Participant_8,3,80,17.629,189818.4844,17.1316,435.6816,0.8751,20.346,370079.3945,19.9749,374
2026-01-28T01:06:53.736594,Attention,robustvision,Participant_8,3,81,18.8014,192789.9531,18.3089,439.0785,0.8731,21.1015,391785.1161,20.7301,374
2026-01-28T01:07:14.252573,Attention,robustvision,Participant_8,3,82,15.6182,166497.8594,15.121,408.0415,0.8904,19.5739,344753.0117,19.2026,374
2026-01-28T01:07:33.844715,Attention,robustvision,Participant_8,3,83,17.0155,172472.4375,16.522,415.298,0.8865,17.3122,282237.6278,16.9416,374
2026-01-28T01:07:54.284943,Attention,robustvision,Participant_8,3,84,18.523,224971.4062,18.0344,474.3115,0.8519,22.3752,445822.2432,22.0036,374
2026-01-28T01:08:14.741535,Attention,robustvision,Participant_8,3,85,19.917,232086.9375,19.4196,481.754,0.8472,19.6356,352873.0061,19.2645,374
2026-01-28T01:08:34.159871,Attention,robustvision,Participant_8,3,86,23.9388,349627.5312,23.444,591.2931,0.7699,20.2173,373623.6513,19.8463,374
2026-01-28T01:08:54.392804,Attention,robustvision,Participant_8,3,87,18.1462,208109.5625,17.6505,456.1903,0.863,19.7288,349130.1456,19.3579,374
2026-01-28T01:09:14.911302,Attention,robustvision,Participant_8,3,88,17.3137,204534.4062,16.8198,452.2548,0.8654,18.7304,312545.4311,18.3593,374
2026-01-28T01:09:37.045055,Attention,robustvision,Participant_8,3,89,14.3625,143340.4844,13.8711,378.6033,0.9057,18.4127,306993.012,18.0421,374
2026-01-28T01:09:57.598996,Attention,robustvision,Participant_8,3,90,18.1686,221924.25,17.6808,471.0884,0.8539,18.5997,311961.6244,18.2289,374
2026-01-28T01:10:17.226143,Attention,robustvision,Participant_8,3,91,19.2248,210853.9219,18.7265,459.1883,0.8612,16.8317,263030.56,16.4611,374
2026-01-28T01:10:36.739617,Attention,robustvision,Participant_8,3,92,16.3575,169152.5938,15.871,411.2816,0.8887,17.0486,272333.9646,16.6783,374
2026-01-28T01:10:55.504324,Attention,robustvision,Participant_8,3,93,24.7657,353388.5625,24.2719,594.4649,0.7674,25.9101,570605.1557,25.5379,374
2026-01-28T01:11:14.080134,Attention,robustvision,Participant_8,3,94,23.8659,309970.4375,23.3688,556.7499,0.796,22.5597,444280.7799,22.188,374
2026-01-28T01:11:32.720622,Attention,robustvision,Participant_8,3,95,20.4174,245918.3438,19.9235,495.9015,0.8381,19.0382,338542.234,18.6673,374
2026-01-28T01:11:51.958176,Attention,robustvision,Participant_8,3,96,22.1793,257942.5156,21.6845,507.8804,0.8302,18.4287,314739.6589,18.0582,374
2026-01-28T01:12:09.855636,Attention,robustvision,Participant_8,3,97,19.8255,263822.3125,19.3296,513.6364,0.8264,18.7507,321815.2186,18.3796,374
2026-01-28T01:12:28.573473,Attention,robustvision,Participant_8,3,98,23.4481,310153.8125,22.9533,556.9145,0.7959,20.6671,374463.1557,20.2954,374
2026-01-28T01:12:48.314045,Attention,robustvision,Participant_8,3,99,22.3392,286790.6875,21.841,535.5284,0.8112,21.0502,389933.9782,20.6783,374
2026-01-28T01:13:07.379145,Attention,robustvision,Participant_8,3,100,18.1158,209673.2812,17.6214,457.901,0.862,19.6102,355028.349,19.239,374
2026-01-28T01:13:26.390827,Attention,robustvision,Participant_8,3,101,20.5191,241311.875,20.0242,491.2351,0.8412,17.8586,304605.5437,17.4877,374
2026-01-28T01:13:45.000603,Attention,robustvision,Participant_8,3,102,15.5373,161702.25,15.049,402.1222,0.8936,16.0385,251852.5636,15.6681,374
2026-01-28T01:14:03.999310,Attention,robustvision,Participant_8,3,103,17.5963,195809.5938,17.1042,442.5038,0.8711,17.0152,272876.295,16.6446,374
2026-01-28T01:14:22.766148,Attention,robustvision,Participant_8,3,104,20.4176,261848.0625,19.9193,511.7109,0.8277,17.7912,289724.3651,17.4202,374
2026-01-28T01:14:41.408839,Attention,robustvision,Participant_8,3,105,15.7951,163347.0,15.3002,404.1621,0.8925,16.9534,267064.0615,16.5831,374
2026-01-28T01:15:00.615162,Attention,robustvision,Participant_8,3,106,20.6801,271334.4688,20.1837,520.8978,0.8214,17.5411,278619.4522,17.1705,374
2026-01-28T01:15:19.846293,Attention,robustvision,Participant_8,3,107,17.0237,215071.7188,16.5341,463.7583,0.8584,17.8134,285531.9636,17.4427,374
2026-01-28T01:15:39.111104,Attention,robustvision,Participant_8,3,108,19.5302,228194.5,19.0359,477.6971,0.8498,17.603,281130.2746,17.232,374
2026-01-28T01:16:00.791586,Attention,robustvision,Participant_8,3,109,21.1649,274418.375,20.6687,523.8496,0.8194,17.2871,266057.4678,16.9166,374
2026-01-28T01:16:21.550017,Attention,robustvision,Participant_8,3,110,17.4772,201684.0312,16.9843,449.0925,0.8673,20.8254,391496.5499,20.454,374
2026-01-28T01:16:42.669224,Attention,robustvision,Participant_8,3,111,20.86,258521.5312,20.3634,508.4501,0.8298,19.5521,350399.2058,19.1807,374
2026-01-28T01:17:03.296316,Attention,robustvision,Participant_8,3,112,29.9915,503750.125,29.4933,709.7536,0.6684,19.3546,351497.4813,18.9833,374
2026-01-28T01:17:22.562115,Attention,robustvision,Participant_8,3,113,17.4666,190703.0781,16.9713,436.6956,0.8745,22.7952,451106.3007,22.4233,374
2026-01-28T01:17:42.048032,Attention,robustvision,Participant_8,3,114,18.9186,256869.2812,18.4246,506.8227,0.8309,19.1146,332969.3348,18.7434,374
2026-01-28T01:18:01.992240,Attention,robustvision,Participant_8,3,115,23.9516,360459.25,23.4548,600.3826,0.7627,20.7705,377481.5818,20.3989,374
2026-01-28T01:18:21.170569,Attention,robustvision,Participant_8,3,116,23.5141,333590.125,23.0153,577.5726,0.7804,17.8446,288437.8921,17.4738,374
2026-01-28T01:18:39.954551,Attention,robustvision,Participant_8,3,117,26.0772,390877.5625,25.5776,625.202,0.7427,17.225,272113.5957,16.8543,374
2026-01-28T01:18:58.100242,Attention,robustvision,Participant_8,3,118,15.1038,138413.9531,14.6077,372.0403,0.9089,19.7362,343663.7169,19.365,374
2026-01-28T01:19:17.015432,Attention,robustvision,Participant_8,3,119,20.2758,221806.8125,19.7808,470.9637,0.854,19.5363,339303.7092,19.1652,374
2026-01-28T01:19:35.944237,Attention,robustvision,Participant_8,3,120,29.9026,565181.75,29.4064,751.7857,0.628,18.2332,291609.7941,17.8621,374
2026-01-28T01:19:54.431523,Attention,robustvision,Participant_8,3,121,23.888,324910.375,23.3897,570.0091,0.7861,20.6758,365950.1366,20.3041,374
2026-01-28T01:20:12.846921,Attention,robustvision,Participant_8,3,122,21.0937,251456.0469,20.5955,501.4539,0.8345,18.6218,313365.4526,18.2504,374
2026-01-28T01:20:31.582490,Attention,robustvision,Participant_8,3,123,19.4303,217868.0781,18.9395,466.7634,0.8566,17.3732,279360.3247,17.0023,374
2026-01-28T01:20:50.696095,Attention,robustvision,Participant_8,3,124,18.3141,200126.6875,17.8215,447.3552,0.8683,16.9181,268515.5643,16.5475,374
2026-01-28T01:21:09.569625,Attention,robustvision,Participant_8,3,125,21.5092,263792.0312,21.0098,513.6069,0.8264,17.1239,267746.347,16.7529,374
2026-01-28T01:21:31.045356,Attention,robustvision,Participant_8,3,126,24.0579,294249.0,23.559,542.4472,0.8063,17.5279,282557.7225,17.1568,374
2026-01-28T01:21:49.904171,Attention,robustvision,Participant_8,3,127,19.6571,217596.875,19.1596,466.4728,0.8568,16.5315,254381.8824,16.1611,374
2026-01-28T01:22:08.714180,Attention,robustvision,Participant_8,3,128,21.2883,240240.7031,20.796,490.1436,0.8419,20.8088,383248.7464,20.4373,374
2026-01-28T01:22:27.639293,Attention,robustvision,Participant_8,3,129,18.2374,234291.2969,17.7443,484.0365,0.8458,18.6884,327188.6581,18.3171,374
2026-01-28T01:22:46.082374,Attention,robustvision,Participant_8,3,130,22.0973,344418.1875,21.6032,586.8715,0.7733,19.8335,361848.8328,19.4621,374
2026-01-28T01:23:04.453308,Attention,robustvision,Participant_8,3,131,24.0298,325187.9375,23.5331,570.2525,0.786,19.1659,330297.1335,18.7946,374
2026-01-28T01:23:23.299886,Attention,robustvision,Participant_8,3,132,21.2061,282158.3125,20.7095,531.1858,0.8143,18.5159,305134.346,18.1445,374
2026-01-28T01:23:42.414890,Attention,robustvision,Participant_8,3,133,23.2767,318525.9375,22.7794,564.381,0.7903,18.8593,317624.1287,18.4885,374
2026-01-28T01:24:03.581112,Attention,robustvision,Participant_8,3,134,18.1017,175225.5625,17.6056,418.5995,0.8847,17.4888,272281.3617,17.118,374
2026-01-28T01:24:23.168948,Attention,robustvision,Participant_8,3,135,17.2206,190804.25,16.7294,436.8115,0.8744,15.643,229113.9224,15.2731,374
2026-01-28T01:24:43.015673,Attention,robustvision,Participant_8,3,136,18.7547,241391.0,18.2641,491.3156,0.8411,17.3991,270354.5025,17.0286,374
2026-01-28T01:25:03.057840,Attention,robustvision,Participant_8,3,137,20.4526,248292.5,19.958,498.2896,0.8366,16.5702,252977.6922,16.1998,374
2026-01-28T01:25:23.169367,Attention,robustvision,Participant_8,3,138,19.3532,259662.5156,18.8601,509.5709,0.8291,15.7451,230932.334,15.3752,374
2026-01-28T01:25:41.898063,Attention,robustvision,Participant_8,3,139,16.9994,218328.4062,16.5089,467.2563,0.8563,16.158,242702.5014,15.7875,374
2026-01-28T01:26:00.899040,Attention,robustvision,Participant_8,3,140,22.6906,322323.4375,22.1928,567.7354,0.7879,15.9661,232366.3834,15.5958,374
2026-01-28T01:26:20.593983,Attention,robustvision,Participant_8,3,141,15.5638,164423.0625,15.0743,405.4911,0.8918,15.437,234461.7057,15.0672,374
2026-01-28T01:26:39.537751,Attention,robustvision,Participant_8,3,142,29.404,582273.5,28.9094,763.0685,0.6168,18.8991,316752.0273,18.528,374
2026-01-28T01:26:58.446977,Attention,robustvision,Participant_8,3,143,21.9578,300181.625,21.4689,547.8883,0.8024,18.4132,311811.023,18.0422,374
2026-01-28T01:27:18.221944,Attention,robustvision,Participant_8,3,144,25.3535,494043.9375,24.8619,702.8826,0.6748,17.3138,272344.5672,16.9431,374
2026-01-28T01:27:37.403157,Attention,robustvision,Participant_8,3,145,17.914,212787.0,17.4288,461.2884,0.8599,17.3803,270714.1209,17.0095,374
2026-01-28T01:27:56.620777,Attention,robustvision,Participant_8,3,146,18.6527,240196.9062,18.1577,490.0989,0.8419,15.5046,218469.4879,15.1345,374
2026-01-28T01:28:15.771127,Attention,robustvision,Participant_8,3,147,26.5917,380800.0625,26.0957,617.09,0.7494,25.1019,566849.1471,24.7299,374
2026-01-28T01:28:34.600771,Attention,robustvision,Participant_8,3,148,20.8454,219643.1875,20.3493,468.6611,0.8554,25.1297,531772.0504,24.7572,374
2026-01-28T01:28:54.126402,Attention,robustvision,Participant_8,3,149,18.4017,205025.0,17.909,452.7969,0.8651,21.388,404363.0438,21.0165,374
2026-01-28T01:29:12.939287,Attention,robustvision,Participant_8,3,150,15.5292,139042.4688,15.0342,372.884,0.9085,20.2943,369979.6905,19.9227,374
2026-01-28T01:29:31.936907,Attention,robustvision,Participant_8,3,151,20.0619,254125.1719,19.5662,504.1083,0.8327,18.5484,310017.6545,18.1775,374
2026-01-28T01:29:51.113377,Attention,robustvision,Participant_8,3,152,18.9233,214085.125,18.4326,462.6933,0.8591,17.8269,294928.39,17.4562,374
2026-01-28T01:30:10.229261,Attention,robustvision,Participant_8,3,153,23.4545,283485.375,22.9565,532.4334,0.8134,16.9051,266197.8909,16.5344,374
2026-01-28T01:30:29.443425,Attention,robustvision,Participant_8,3,154,25.5181,319878.75,25.0217,565.5782,0.7895,16.959,266269.7418,16.5881,374
2026-01-28T01:30:48.842588,Attention,robustvision,Participant_8,3,155,16.4132,155507.4688,15.9203,394.3444,0.8976,16.4681,253058.914,16.0975,374
2026-01-28T01:31:09.394108,Attention,robustvision,Participant_8,3,156,17.8119,207559.4688,17.3151,455.5869,0.8634,15.3837,229186.3799,15.0138,374
2026-01-28T01:31:30.498327,Attention,robustvision,Participant_8,3,157,28.4517,425734.9688,27.9555,652.4837,0.7198,16.3092,249745.5513,15.9388,374
2026-01-28T01:31:50.915535,Attention,robustvision,Participant_8,3,158,27.7513,396299.3125,27.2555,629.5231,0.7392,19.4218,328272.8448,19.0505,374
2026-01-28T01:32:11.909510,Attention,robustvision,Participant_8,3,159,19.8812,233040.0625,19.3855,482.7422,0.8466,18.5339,309357.2223,18.1629,374
2026-01-28T01:32:32.501276,Attention,robustvision,Participant_8,3,160,20.6548,292439.0625,20.1601,540.7764,0.8075,16.7644,259334.5291,16.3938,374
2026-01-28T01:32:53.519918,Attention,robustvision,Participant_8,3,161,22.1315,286044.6875,21.6362,534.8315,0.8117,17.4564,274980.4113,17.0857,374
2026-01-28T01:33:14.103084,Attention,robustvision,Participant_8,3,162,18.2785,201720.5312,17.7872,449.1331,0.8672,18.3801,308264.1459,18.0093,374
2026-01-28T01:33:34.483019,Attention,robustvision,Participant_8,3,163,25.2867,378871.25,24.796,615.5252,0.7506,20.6856,368583.0632,20.3138,374
2026-01-28T01:33:54.479228,Attention,robustvision,Participant_8,3,164,20.9267,267716.8125,20.4337,517.4136,0.8238,18.6318,307786.6977,18.2603,374
2026-01-28T01:34:13.549897,Attention,robustvision,Participant_8,3,165,16.1175,190577.75,15.6247,436.5521,0.8746,18.2948,297837.6266,17.9239,374
2026-01-28T01:34:33.067073,Attention,robustvision,Participant_8,3,166,21.1718,237624.9688,20.6733,487.4679,0.8436,19.0733,326610.5842,18.7022,374
2026-01-28T01:34:51.995578,Attention,robustvision,Participant_8,3,167,18.8205,263110.75,18.3278,512.9432,0.8268,17.6166,284451.2458,17.2459,374
2026-01-28T01:35:11.552130,Attention,robustvision,Participant_8,3,168,17.7115,178759.7812,17.2146,422.7999,0.8823,17.5529,283520.4024,17.1821,374
2026-01-28T01:35:30.905151,Attention,robustvision,Participant_8,3,169,19.9537,254117.875,19.4606,504.1011,0.8327,17.3332,278262.6105,16.9627,374
2026-01-28T01:35:50.516647,Attention,robustvision,Participant_8,3,170,23.6602,320863.2812,23.1615,566.448,0.7888,16.5683,258490.6211,16.1979,374
2026-01-28T01:36:09.099941,Attention,robustvision,Participant_8,3,171,19.44,239564.9531,18.9458,489.4537,0.8423,18.3868,304713.3546,18.0159,374
2026-01-28T01:36:28.189092,Attention,robustvision,Participant_8,3,172,24.9116,314657.4375,24.4134,560.9433,0.7929,17.7668,286731.493,17.3959,374
2026-01-28T01:36:47.106758,Attention,robustvision,Participant_8,3,173,19.7382,208439.9062,19.2395,456.5522,0.8628,19.2637,324604.1016,18.8921,374
2026-01-28T01:37:06.320603,Attention,robustvision,Participant_8,3,174,23.8949,351327.375,23.4026,592.7288,0.7688,17.609,277242.7947,17.2383,374
2026-01-28T01:37:25.240483,Attention,robustvision,Participant_8,3,175,18.9075,201017.9062,18.4141,448.3502,0.8677,18.4395,311004.0185,18.0687,374
2026-01-28T01:37:44.337881,Attention,robustvision,Participant_8,3,176,24.208,326827.3438,23.713,571.6882,0.7849,20.9244,388472.1454,20.5529,374
2026-01-28T01:38:04.074828,Attention,robustvision,Participant_8,3,177,23.1342,312043.9688,22.6378,558.609,0.7946,20.6024,374746.4909,20.2308,374
2026-01-28T01:38:22.983964,Attention,robustvision,Participant_8,3,178,18.8306,237374.1875,18.3383,487.2106,0.8438,18.7534,327182.3344,18.3824,374
2026-01-28T01:38:44.090725,Attention,robustvision,Participant_8,3,179,21.8999,282131.5625,21.4023,531.1606,0.8143,20.2078,367067.0469,19.8364,374
2026-01-28T01:39:05.009425,Attention,robustvision,Participant_8,3,180,17.9857,196158.6719,17.4903,442.898,0.8709,19.9655,353401.7173,19.5939,374
2026-01-28T01:39:25.534416,Attention,robustvision,Participant_8,3,181,29.521,524622.625,29.022,724.3084,0.6547,18.5988,318309.9852,18.2277,374
2026-01-28T01:39:45.721112,Attention,robustvision,Participant_8,3,182,25.3558,361919.9375,24.8593,601.5978,0.7618,18.6496,316287.2401,18.2783,374
2026-01-28T01:40:06.913273,Attention,robustvision,Participant_8,3,183,20.2557,293982.3438,19.7645,542.2014,0.8065,16.0695,247208.7435,15.6994,374
2026-01-28T01:40:27.268926,Attention,robustvision,Participant_8,3,184,32.5447,567623.625,32.0469,753.408,0.6264,19.4473,333572.5013,19.0757,374
2026-01-28T01:40:47.413375,Attention,robustvision,Participant_8,3,185,27.495,436167.7812,26.9994,660.43,0.7129,19.8961,348060.0652,19.5245,374
2026-01-28T01:41:07.000830,Attention,robustvision,Participant_8,3,186,18.2496,196037.0938,17.7598,442.7608,0.871,18.084,298715.5117,17.7134,374
2026-01-28T01:41:27.264791,Attention,robustvision,Participant_8,3,187,23.6489,335620.0,23.1505,579.3272,0.7791,17.1046,270984.3823,16.734,374
2026-01-28T01:41:47.945377,Attention,robustvision,Participant_8,3,188,21.9411,282527.2812,21.4477,531.533,0.814,21.1124,383176.9332,20.7408,374
2026-01-28T01:42:08.728416,Attention,robustvision,Participant_8,3,189,19.5498,220813.5156,19.0536,469.908,0.8547,19.6574,343324.8117,19.2864,374
2026-01-28T01:42:28.495822,Attention,robustvision,Participant_8,3,190,18.9765,222050.1562,18.483,471.222,0.8538,17.3957,277859.5152,17.0251,374
2026-01-28T01:42:49.204468,Attention,robustvision,Participant_8,3,191,19.3537,253544.9375,18.8593,503.5325,0.8331,16.1767,246104.3244,15.8064,374
2026-01-28T01:43:09.246223,Attention,robustvision,Participant_8,3,192,23.0449,338359.9375,22.5529,581.6871,0.7773,16.904,264531.11,16.5334,374
2026-01-28T01:43:28.697503,Attention,robustvision,Participant_8,3,193,20.5002,247733.75,20.0049,497.7286,0.8369,21.156,389295.4766,20.7842,374
2026-01-28T01:43:47.669076,Attention,robustvision,Participant_8,3,194,18.7509,193941.9688,18.2565,440.3884,0.8723,19.1381,329974.4306,18.767,374
2026-01-28T01:44:06.750724,Attention,robustvision,Participant_8,3,195,18.6474,247745.7188,18.1517,497.7406,0.8369,17.5222,291308.0123,17.1517,374
2026-01-28T01:44:25.995385,Attention,robustvision,Participant_8,3,196,20.2604,262131.3906,19.7638,511.9877,0.8275,17.9521,299173.1877,17.5814,374
2026-01-28T01:44:45.531229,Attention,robustvision,Participant_8,3,197,18.3658,183028.2812,17.8685,427.818,0.8795,16.9562,265295.2573,16.5855,374
2026-01-28T01:45:05.021228,Attention,robustvision,Participant_8,3,198,24.8254,310202.75,24.326,556.9585,0.7958,22.3991,437611.4599,22.0272,374
2026-01-28T01:45:25.014563,Attention,robustvision,Participant_8,3,199,25.7971,353895.2188,25.2983,594.8909,0.7671,20.2824,359407.0979,19.9111,374
2026-01-28T01:45:44.149943,Attention,robustvision,Participant_8,3,200,25.3252,333860.375,24.8263,577.8065,0.7803,19.3626,332844.1864,18.9918,374
2026-01-28T01:46:03.657155,Attention,robustvision,Participant_8,3,201,23.3116,357601.6562,22.8166,597.998,0.7646,18.8304,316775.0189,18.4594,374
2026-01-28T01:46:23.017756,Attention,robustvision,Participant_8,3,202,21.3425,306854.5625,20.8473,553.9445,0.798,18.0231,292175.7017,17.6522,374
2026-01-28T01:46:42.319470,Attention,robustvision,Participant_8,3,203,21.5233,306686.5,21.0287,553.7928,0.7981,17.7707,286783.3859,17.3998,374
2026-01-28T01:47:01.174208,Attention,robustvision,Participant_8,3,204,23.8206,357158.625,23.3251,597.6275,0.7649,17.7816,288286.6706,17.4108,374
2026-01-28T01:47:20.564599,Attention,robustvision,Participant_8,3,205,16.9704,169784.1094,16.4723,412.0487,0.8882,18.6072,313925.9714,18.2361,374
2026-01-28T01:47:39.503481,Attention,robustvision,Participant_8,3,206,22.6027,296063.375,22.1097,544.1171,0.8051,16.6301,256590.559,16.2597,374
2026-01-28T01:47:58.729154,Attention,robustvision,Participant_8,3,207,19.1648,249335.9844,18.6729,499.3355,0.8359,16.0265,239828.4653,15.6563,374
2026-01-28T01:48:18.395765,Attention,robustvision,Participant_8,3,208,23.6707,332451.9688,23.1723,576.5865,0.7812,17.389,273020.2788,17.0181,374
2026-01-28T01:48:37.490177,Attention,robustvision,Participant_8,3,209,20.5541,238841.2812,20.0565,488.7139,0.8428,16.8169,252467.5538,16.4462,374
2026-01-28T01:48:57.583124,Attention,robustvision,Participant_8,3,210,19.8305,215475.3438,19.3335,464.1932,0.8582,19.0739,326354.1619,18.7029,374
2026-01-28T01:49:17.951340,Attention,robustvision,Participant_8,3,211,22.445,291405.125,21.9476,539.8195,0.8082,16.9918,269179.4551,16.6212,374
2026-01-28T01:49:37.884405,Attention,robustvision,Participant_8,3,212,20.5672,275728.6562,20.0716,525.0987,0.8185,17.4911,282435.6969,17.1202,374
2026-01-28T01:49:57.627299,Attention,robustvision,Participant_8,3,213,18.3239,264360.25,17.8338,514.1598,0.826,15.663,230459.6608,15.293,374
2026-01-28T01:50:17.270283,Attention,robustvision,Participant_8,3,214,16.8546,221435.9375,16.3594,470.5698,0.8543,16.0357,240608.4046,15.6661,374
2026-01-28T01:50:36.475213,Attention,robustvision,Participant_8,3,215,24.4891,321249.0,23.992,566.7883,0.7886,19.6834,356149.0843,19.3123,374
2026-01-28T01:50:57.135314,Attention,robustvision,Participant_8,3,216,18.6802,208479.5781,18.1879,456.5956,0.8628,18.9749,339324.4495,18.6039,374
2026-01-28T01:51:20.522079,Attention,robustvision,Participant_8,3,217,19.2778,261334.5312,18.7801,511.2089,0.828,17.2757,274642.6217,16.9049,374
2026-01-28T01:51:41.499970,Attention,robustvision,Participant_8,3,218,18.189,224724.7812,17.692,474.0515,0.8521,17.0473,265033.9923,16.6767,374
2026-01-28T01:52:01.265938,Attention,robustvision,Participant_8,3,219,19.9551,241895.7344,19.4581,491.829,0.8408,19.4982,343412.8214,19.1269,374
2026-01-28T01:52:20.516481,Attention,robustvision,Participant_8,3,220,22.4691,311597.4688,21.9731,558.2092,0.7949,17.2522,275057.9814,16.8816,374
2026-01-28T01:52:39.516781,Attention,robustvision,Participant_8,3,221,19.9667,226492.5312,19.4728,475.9123,0.8509,18.0432,295551.0859,17.6722,374
2026-01-28T01:52:58.746346,Attention,robustvision,Participant_8,3,222,21.5576,286757.75,21.0634,535.4977,0.8113,24.7993,520408.4453,24.4273,374
2026-01-28T01:53:18.475047,Attention,robustvision,Participant_8,3,223,17.8379,201002.5312,17.341,448.3331,0.8677,20.2859,369193.9736,19.9147,374
2026-01-28T01:53:36.867662,Attention,robustvision,Participant_8,3,224,25.8925,391555.5938,25.3996,625.744,0.7423,19.0404,326620.3891,18.6695,374
2026-01-28T01:53:55.501895,Attention,robustvision,Participant_8,3,225,19.6505,261632.4062,19.1589,511.5002,0.8278,17.7659,292540.8183,17.3951,374
2026-01-28T01:54:15.016590,Attention,robustvision,Participant_8,3,226,22.7462,291800.0625,22.2466,540.1852,0.8079,18.4826,306766.9309,18.1116,374
2026-01-28T01:54:34.072899,Attention,robustvision,Participant_8,3,227,18.3627,181844.7812,17.8648,426.4326,0.8803,16.2028,247648.8671,15.8326,374
2026-01-28T01:54:52.927484,Attention,robustvision,Participant_8,3,228,17.5473,203326.6562,17.0565,450.9176,0.8662,19.6225,344580.7233,19.2509,374
2026-01-28T01:55:12.177621,Attention,robustvision,Participant_8,3,229,19.3871,190579.6094,18.8893,436.5542,0.8746,17.5257,284701.8142,17.155,374
2026-01-28T01:55:31.042710,Attention,robustvision,Participant_8,3,230,19.8314,228579.0938,19.3348,478.0995,0.8496,21.113,401618.3888,20.7414,374
2026-01-28T01:55:49.922157,Attention,robustvision,Participant_8,3,231,20.3745,216047.0625,19.8759,464.8086,0.8578,20.4926,383177.0212,20.1215,374
2026-01-28T01:56:08.646206,Attention,robustvision,Participant_8,3,232,19.0892,239607.4688,18.5924,489.4972,0.8423,16.8738,276190.4416,16.5033,374
2026-01-28T01:56:27.686906,Attention,robustvision,Participant_8,3,233,18.6551,211330.9375,18.1606,459.7074,0.8609,16.6599,264104.7755,16.2892,374
2026-01-28T01:56:46.359471,Attention,robustvision,Participant_8,3,234,24.7043,312635.2188,24.207,559.1379,0.7942,19.1143,327519.5047,18.7431,374
2026-01-28T01:57:04.780993,Attention,robustvision,Participant_8,3,235,19.9589,282596.9062,19.4658,531.5984,0.814,20.2257,364802.1051,19.8544,374
2026-01-28T01:57:22.877739,Attention,robustvision,Participant_8,3,236,14.3784,144288.6719,13.8818,379.8535,0.905,18.7626,325101.5674,18.3916,374
2026-01-28T01:57:42.037910,Attention,robustvision,Participant_8,3,237,16.9856,204598.625,16.4922,452.3258,0.8653,17.4591,281082.8684,17.0887,374
2026-01-28T01:58:01.861760,Attention,robustvision,Participant_8,3,238,16.7198,145925.2656,16.2211,382.0017,0.904,17.4351,281018.7562,17.0644,374
2026-01-28T01:58:23.727615,Attention,robustvision,Participant_8,3,239,18.9017,216625.875,18.406,465.4308,0.8574,18.4231,312576.9001,18.0522,374
2026-01-28T01:58:42.937003,Attention,robustvision,Participant_8,3,240,18.0368,248567.3438,17.5446,498.5653,0.8364,17.2263,274459.7063,16.8557,374
2026-01-28T01:59:19.521519,Attention,robustvision,Participant_24,4,0,34.3574,698728.0656,33.8618,835.8996,0.6643,25.7371,596188.53,25.365,649
2026-01-28T01:59:40.170207,Attention,robustvision,Participant_24,4,1,26.3663,495772.3941,25.8722,704.1111,0.7746,18.3201,308826.5553,17.9492,649
2026-01-28T01:59:59.708226,Attention,robustvision,Participant_24,4,2,27.993,520468.2852,27.5024,721.4349,0.7488,17.1119,272439.0747,16.7417,649
2026-01-28T02:00:19.257461,Attention,robustvision,Participant_24,4,3,28.9695,476229.5037,28.471,690.0938,0.7803,18.0457,297728.2852,17.675,649
2026-01-28T02:00:38.128331,Attention,robustvision,Participant_24,4,4,28.3787,511452.2312,27.8859,715.1589,0.7631,16.8643,268774.931,16.4939,649
2026-01-28T02:00:57.660567,Attention,robustvision,Participant_24,4,5,29.2265,504692.0955,28.7295,710.4168,0.7663,16.7598,269951.4562,16.3893,649
2026-01-28T02:01:17.626422,Attention,robustvision,Participant_24,4,6,37.7525,705413.9059,37.254,839.8892,0.6732,19.0661,339834.7379,18.6949,649
2026-01-28T02:01:37.325217,Attention,robustvision,Participant_24,4,7,35.5342,626672.1963,35.0368,791.6263,0.7084,17.0065,270807.6477,16.6363,649
2026-01-28T02:01:56.502880,Attention,robustvision,Participant_24,4,8,37.6389,688387.2984,37.1415,829.6911,0.6847,15.0566,219226.2473,14.6869,649
2026-01-28T02:02:15.315657,Attention,robustvision,Participant_24,4,9,42.2658,867774.9076,41.7667,931.5444,0.5914,14.4216,200300.7079,14.0522,649
2026-01-28T02:02:34.971337,Attention,robustvision,Participant_24,4,10,30.0069,482987.6105,29.5083,694.9731,0.7731,14.8214,213427.7475,14.4522,649
2026-01-28T02:02:53.551325,Attention,robustvision,Participant_24,4,11,31.9222,637001.5392,31.4281,798.1238,0.7061,15.9678,242176.497,15.5977,649
2026-01-28T02:03:12.502251,Attention,robustvision,Participant_24,4,12,26.5343,452245.3395,26.0373,672.4919,0.7867,15.9763,236672.8544,15.606,649
2026-01-28T02:03:31.029147,Attention,robustvision,Participant_24,4,13,27.1014,440778.7707,26.6047,663.9117,0.798,15.0297,220078.0332,14.6598,649
2026-01-28T02:03:49.700154,Attention,robustvision,Participant_24,4,14,40.3548,841888.7742,39.8564,917.545,0.604,16.1333,243819.4252,15.7631,649
2026-01-28T02:04:08.165882,Attention,robustvision,Participant_24,4,15,22.8054,312180.0544,22.3102,558.7308,0.8586,15.7183,231509.4551,15.3477,649
2026-01-28T02:04:27.421561,Attention,robustvision,Participant_24,4,16,28.0105,489074.1679,27.5139,699.3384,0.7712,15.4935,223796.4046,15.1237,649
2026-01-28T02:04:46.672370,Attention,robustvision,Participant_24,4,17,24.5198,354261.5119,24.0231,595.1987,0.8405,18.1346,304559.0384,17.7636,649
2026-01-28T02:05:06.658458,Attention,robustvision,Participant_24,4,18,21.464,247957.8137,20.9664,497.9536,0.8831,17.6628,284451.2552,17.2921,649
2026-01-28T02:05:25.681288,Attention,robustvision,Participant_24,4,19,27.7824,457997.3055,27.2876,676.755,0.787,19.474,344017.2297,19.1026,649
2026-01-28T02:05:45.027976,Attention,robustvision,Participant_24,4,20,34.9772,766974.1478,34.4786,875.7706,0.6582,16.4909,261828.0713,16.1205,649
2026-01-28T02:06:06.106810,Attention,robustvision,Participant_24,4,21,21.5616,310860.7667,21.068,557.5489,0.8494,22.4125,457704.2731,22.041,649
2026-01-28T02:06:26.752022,Attention,robustvision,Participant_24,4,22,26.2233,493669.3187,25.7254,702.6161,0.7782,19.865,363818.9989,19.4936,649
2026-01-28T02:06:46.850096,Attention,robustvision,Participant_24,4,23,25.9008,482681.6599,25.4078,694.7529,0.7736,19.5204,349035.3167,19.1491,649
2026-01-28T02:07:07.389793,Attention,robustvision,Participant_24,4,24,29.9982,570683.8689,29.5029,755.4362,0.7312,18.5771,324293.0147,18.2062,649
2026-01-28T02:07:27.289332,Attention,robustvision,Participant_24,4,25,27.8622,600427.8059,27.3697,774.8728,0.7279,18.1709,310844.0441,17.8,649
2026-01-28T02:07:48.860300,Attention,robustvision,Participant_24,4,26,25.4533,557906.591,24.9635,746.9314,0.7427,18.5433,328864.2074,18.1724,649
2026-01-28T02:08:08.945453,Attention,robustvision,Participant_24,4,27,31.8456,854775.6528,31.3525,924.5408,0.6149,17.4863,291869.1013,17.1158,649
2026-01-28T02:08:28.873512,Attention,robustvision,Participant_24,4,28,27.7956,632040.3779,27.3031,795.0097,0.7004,16.7139,267677.3721,16.3435,649
2026-01-28T02:08:48.101227,Attention,robustvision,Participant_24,4,29,28.4557,616602.1295,27.9628,785.2402,0.7087,16.5096,269313.7228,16.139,649
2026-01-28T02:09:07.961150,Attention,robustvision,Participant_24,4,30,37.7622,894620.2294,37.2649,945.8437,0.5699,16.3009,255440.4964,15.9309,649
2026-01-28T02:09:26.979644,Attention,robustvision,Participant_24,4,31,40.2922,1095687.5192,39.7946,1046.7509,0.4833,16.4217,254535.1624,16.0512,649
2026-01-28T02:09:46.845147,Attention,robustvision,Participant_24,4,32,32.839,637711.5655,32.3425,798.5684,0.7041,16.6604,255835.122,16.2899,649
2026-01-28T02:10:06.536716,Attention,robustvision,Participant_24,4,33,29.8992,528355.7553,29.4023,726.8808,0.758,17.4391,275949.9281,17.0683,649
2026-01-28T02:10:25.915055,Attention,robustvision,Participant_24,4,34,28.0019,414992.4302,27.5029,644.1991,0.8087,15.8696,243150.2818,15.4994,649
2026-01-28T02:10:45.145736,Attention,robustvision,Participant_24,4,35,29.3224,530485.9248,28.8252,728.3446,0.7591,15.9501,241725.345,15.5799,649
2026-01-28T02:11:03.835425,Attention,robustvision,Participant_24,4,36,35.1028,773477.0335,34.6058,879.4754,0.626,19.5143,334510.1612,19.143,649
2026-01-28T02:11:22.475484,Attention,robustvision,Participant_24,4,37,39.4076,949929.6783,38.9093,974.6434,0.5566,19.6299,340464.8508,19.2584,649
2026-01-28T02:11:41.538801,Attention,robustvision,Participant_24,4,38,37.6029,985656.7949,37.107,992.8025,0.557,18.0478,302668.9404,17.6768,649
2026-01-28T02:12:00.350583,Attention,robustvision,Participant_24,4,39,28.4255,480172.1579,27.9299,692.9446,0.7709,17.0824,276045.7945,16.7116,649
2026-01-28T02:12:19.593649,Attention,robustvision,Participant_24,4,40,30.3912,566388.7672,29.8947,752.588,0.7378,16.8797,266418.1321,16.5089,649
2026-01-28T02:12:39.076164,Attention,robustvision,Participant_24,4,41,40.8378,905768.2005,40.3412,951.7186,0.5857,15.8744,243696.5538,15.5046,649
2026-01-28T02:12:58.785865,Attention,robustvision,Participant_24,4,42,35.1954,770499.0341,34.7007,877.7807,0.6501,15.4244,231938.0958,15.0542,649
2026-01-28T02:13:18.038579,Attention,robustvision,Participant_24,4,43,41.3832,1026332.5836,40.8833,1013.0807,0.5333,23.153,492208.4821,22.7817,649
2026-01-28T02:13:37.417625,Attention,robustvision,Participant_24,4,44,34.7275,729584.0555,34.2322,854.1569,0.6645,24.8549,511556.3119,24.4829,649
2026-01-28T02:13:58.958316,Attention,robustvision,Participant_24,4,45,32.5747,620270.5602,32.0786,787.5726,0.7105,22.3634,428063.392,21.9919,649
2026-01-28T02:14:20.783916,Attention,robustvision,Participant_24,4,46,35.3656,689149.5159,34.8706,830.1503,0.6847,19.9552,356806.2823,19.5837,649
2026-01-28T02:14:41.109209,Attention,robustvision,Participant_24,4,47,35.7513,674330.8839,35.2528,821.1765,0.6864,20.4631,366043.6026,20.0914,649
2026-01-28T02:15:02.325261,Attention,robustvision,Participant_24,4,48,46.0706,1110222.3205,45.5706,1053.6709,0.4838,19.5642,338940.8795,19.193,649
2026-01-28T02:15:22.982617,Attention,robustvision,Participant_24,4,49,32.1318,571336.1974,31.6331,755.8678,0.7341,17.3144,278779.9846,16.944,649
2026-01-28T02:15:42.196412,Attention,robustvision,Participant_24,4,50,32.1231,544481.4077,31.6243,737.8898,0.7475,19.0283,325165.8775,18.6571,649
2026-01-28T02:16:01.588895,Attention,robustvision,Participant_24,4,51,33.7673,697219.1355,33.2701,834.9965,0.6695,17.4446,280952.1322,17.0738,649
2026-01-28T02:16:20.970145,Attention,robustvision,Participant_24,4,52,35.7708,779763.8165,35.2727,883.0424,0.6402,17.7417,287444.1367,17.3711,649
2026-01-28T02:16:40.098966,Attention,robustvision,Participant_24,4,53,29.5171,550472.8281,29.0206,741.9386,0.7486,17.2412,267879.3538,16.8702,649
2026-01-28T02:16:59.191666,Attention,robustvision,Participant_24,4,54,26.5358,480218.2413,26.0421,692.9778,0.7696,17.1715,271108.2462,16.801,649
2026-01-28T02:17:18.837745,Attention,robustvision,Participant_24,4,55,29.811,711387.0056,29.3183,843.4376,0.6698,16.1596,245244.1013,15.7891,649
2026-01-28T02:17:37.987006,Attention,robustvision,Participant_24,4,56,29.9984,544379.8927,29.5028,737.821,0.746,17.2178,273495.5849,16.8469,649
2026-01-28T02:17:57.632375,Attention,robustvision,Participant_24,4,57,27.6133,538864.7093,27.1161,734.074,0.7574,17.8689,286977.6254,17.4983,649
2026-01-28T02:18:17.179861,Attention,robustvision,Participant_24,4,58,29.5007,537514.0647,29.0029,733.1535,0.7545,16.3099,249180.6562,15.9397,649
2026-01-28T02:18:36.902209,Attention,robustvision,Participant_24,4,59,26.3328,453678.2556,25.8381,673.5564,0.7911,18.0927,303165.252,17.7218,649
2026-01-28T02:18:56.604603,Attention,robustvision,Participant_24,4,60,26.8931,483933.9781,26.3992,695.6536,0.7776,16.8727,265671.1039,16.5028,649
2026-01-28T02:19:16.435989,Attention,robustvision,Participant_24,4,61,29.5222,437460.3659,29.0235,661.4079,0.7958,20.8488,378298.4563,20.4771,649
2026-01-28T02:19:35.661439,Attention,robustvision,Participant_24,4,62,31.385,510163.2784,30.8868,714.2572,0.7599,18.1051,303133.6942,17.7341,649
2026-01-28T02:19:54.770126,Attention,robustvision,Participant_24,4,63,35.4372,689277.6642,34.9408,830.2275,0.6808,17.259,273096.4797,16.8881,649
2026-01-28T02:20:14.857279,Attention,robustvision,Participant_24,4,64,38.0626,790445.2299,37.5639,889.0699,0.6341,16.1741,241712.1939,15.8038,649
2026-01-28T02:20:33.976311,Attention,robustvision,Participant_24,4,65,27.4343,443820.8283,26.9371,666.1988,0.7921,15.2847,214465.6812,14.9145,649
2026-01-28T02:20:53.510690,Attention,robustvision,Participant_24,4,66,31.6201,568838.3751,31.124,754.2137,0.7313,15.407,219984.1794,15.0365,649
2026-01-28T02:21:13.113462,Attention,robustvision,Participant_24,4,67,33.9724,750601.085,33.4764,866.3724,0.6429,17.6155,283187.7672,17.2447,649
2026-01-28T02:21:35.102120,Attention,robustvision,Participant_24,4,68,26.7401,420827.9711,26.2446,648.7125,0.7971,16.2128,247958.9341,15.8423,649
2026-01-28T02:21:55.037757,Attention,robustvision,Participant_24,4,69,24.9868,383496.257,24.4904,619.2707,0.8211,15.3654,228694.7742,14.9954,649
2026-01-28T02:22:15.497892,Attention,robustvision,Participant_24,4,70,26.0169,409664.1972,25.5193,640.0502,0.8101,15.5722,235031.5076,15.2021,649
2026-01-28T02:22:37.579866,Attention,robustvision,Participant_24,4,71,32.6713,636588.9719,32.1741,797.8653,0.7015,15.4413,230145.5936,15.071,649
2026-01-28T02:22:58.457279,Attention,robustvision,Participant_24,4,72,29.2048,553080.4257,28.7073,743.6938,0.7407,15.9015,246636.643,15.5314,649
2026-01-28T02:23:19.505347,Attention,robustvision,Participant_24,4,73,26.4496,410414.7726,25.9529,640.6362,0.8037,15.2376,226970.5718,14.8676,649
2026-01-28T02:23:39.773490,Attention,robustvision,Participant_24,4,74,31.532,690429.1178,31.0384,830.9206,0.6837,15.4726,231363.7771,15.1022,649
2026-01-28T02:24:00.909950,Attention,robustvision,Participant_24,4,75,30.834,558684.3004,30.3363,747.4519,0.7388,15.4347,224289.2032,15.0647,649
2026-01-28T02:24:22.965815,Attention,robustvision,Participant_24,4,76,30.4299,671514.7618,29.933,819.46,0.7014,14.459,200221.8389,14.0895,649
2026-01-28T02:24:42.670014,Attention,robustvision,Participant_24,4,77,22.3399,277973.7628,21.8435,527.2322,0.8682,14.6202,203591.7437,14.2503,649
2026-01-28T02:25:02.817200,Attention,robustvision,Participant_24,4,78,26.719,400170.4896,26.2206,632.5903,0.8141,16.3742,256231.5725,16.004,649
2026-01-28T02:25:22.399889,Attention,robustvision,Participant_24,4,79,29.9054,459839.9818,29.4076,678.115,0.7814,18.3552,305051.0133,17.9844,649
2026-01-28T02:25:42.093632,Attention,robustvision,Participant_24,4,80,38.1367,677685.0782,37.6372,823.2163,0.6839,17.6245,284069.8946,17.2538,649
2026-01-28T02:26:01.366907,Attention,robustvision,Participant_24,4,81,32.9198,539465.7434,32.421,734.4833,0.7501,16.221,247627.2096,15.8507,649
2026-01-28T02:26:22.028282,Attention,robustvision,Participant_24,4,82,29.3723,460877.2703,28.8756,678.8794,0.7865,16.3222,246689.7123,15.9517,649
2026-01-28T02:26:43.555057,Attention,robustvision,Participant_24,4,83,50.4603,1459838.2608,49.9605,1208.2377,0.337,19.0605,360932.9971,18.6897,649
2026-01-28T02:27:03.908321,Attention,robustvision,Participant_24,4,84,38.8627,784418.8332,38.3641,885.6742,0.6262,24.4085,489893.5842,24.0362,649
2026-01-28T02:27:23.536269,Attention,robustvision,Participant_24,4,85,34.3552,662477.3223,33.8559,813.9271,0.696,20.2272,358434.4352,19.8558,649
2026-01-28T02:27:43.457265,Attention,robustvision,Participant_24,4,86,36.368,720040.0184,35.8715,848.5517,0.668,19.3519,342290.1827,18.9806,649
2026-01-28T02:28:04.062784,Attention,robustvision,Participant_24,4,87,35.0378,636028.6203,34.5394,797.514,0.7083,18.6668,327377.3607,18.2959,649
2026-01-28T02:28:23.538196,Attention,robustvision,Participant_24,4,88,32.1329,545853.931,31.6355,738.8193,0.7434,17.6123,295148.2715,17.2416,649
2026-01-28T02:28:43.351150,Attention,robustvision,Participant_24,4,89,27.9272,426439.6964,27.4316,653.0235,0.804,16.9152,266986.5149,16.5448,649
2026-01-28T02:29:03.270858,Attention,robustvision,Participant_24,4,90,26.9892,496515.6909,26.4956,704.6387,0.7658,18.6038,313443.9456,18.2328,649
2026-01-28T02:29:22.174224,Attention,robustvision,Participant_24,4,91,38.0583,686924.4105,37.5591,828.809,0.6711,17.5401,275714.0375,17.1696,649
2026-01-28T02:29:41.759662,Attention,robustvision,Participant_24,4,92,24.8517,363136.4936,24.3555,602.6081,0.8345,15.5144,223514.7234,15.1443,649
2026-01-28T02:30:03.389271,Attention,robustvision,Participant_24,4,93,27.2611,477053.0785,26.7658,690.6903,0.7734,16.4715,251324.7185,16.1008,649
2026-01-28T02:30:23.418976,Attention,robustvision,Participant_24,4,94,29.0334,526302.2742,28.5382,725.4669,0.7568,16.0276,235941.1173,15.6573,649
2026-01-28T02:30:44.604011,Attention,robustvision,Participant_24,4,95,36.5422,837821.4066,36.0471,915.3258,0.6106,16.2226,239157.0062,15.8521,649
2026-01-28T02:31:06.001409,Attention,robustvision,Participant_24,4,96,63.5558,2013268.1543,63.0562,1418.8968,0.0572,17.9795,292633.9922,17.6085,649
2026-01-28T02:31:27.181797,Attention,robustvision,Participant_24,4,97,36.3372,845180.4702,35.8384,919.337,0.6191,18.3034,307607.4192,17.9322,649
2026-01-28T02:31:49.393493,Attention,robustvision,Participant_24,4,98,27.3152,483910.7928,26.8192,695.637,0.7751,16.9588,269089.4876,16.5881,649
2026-01-28T02:32:10.072170,Attention,robustvision,Participant_24,4,99,34.7497,683493.4547,34.2532,826.7366,0.6822,15.2155,225877.1839,14.8456,649
2026-01-28T02:32:29.299534,Attention,robustvision,Participant_24,4,100,30.3705,527368.2975,29.8739,726.2013,0.7518,17.8505,288056.9579,17.4795,649
2026-01-28T02:32:47.857622,Attention,robustvision,Participant_24,4,101,32.6804,650484.6902,32.1819,806.5263,0.6959,16.5649,254700.7162,16.1944,649
2026-01-28T02:33:07.301316,Attention,robustvision,Participant_24,4,102,36.5212,925862.9284,36.0251,962.2177,0.5756,18.923,329285.3285,18.5521,649
2026-01-28T02:33:26.627641,Attention,robustvision,Participant_24,4,103,36.4111,688846.7411,35.9132,829.9679,0.6793,17.6682,286779.3629,17.2975,649
2026-01-28T02:33:46.015144,Attention,robustvision,Participant_24,4,104,33.2784,625415.3931,32.7825,790.8321,0.7004,16.5064,253882.7852,16.136,649
2026-01-28T02:34:05.559791,Attention,robustvision,Participant_24,4,105,36.0249,724257.607,35.5274,851.0333,0.6686,17.0292,272600.4614,16.6586,649
2026-01-28T02:34:24.865656,Attention,robustvision,Participant_24,4,106,31.1095,589621.8959,30.6138,767.8684,0.721,23.6421,489443.4923,23.2701,649
2026-01-28T02:34:44.303153,Attention,robustvision,Participant_24,4,107,37.9965,738194.0721,37.4976,859.1822,0.6451,22.0105,433216.5701,21.6388,649
2026-01-28T02:35:03.993560,Attention,robustvision,Participant_24,4,108,31.1531,569741.5905,30.6551,754.8123,0.7254,20.8668,404415.3503,20.4955,649
2026-01-28T02:35:23.406150,Attention,robustvision,Participant_24,4,109,25.3202,417677.7947,24.8257,646.28,0.81,19.0938,343390.6835,18.7227,649
2026-01-28T02:35:43.503399,Attention,robustvision,Participant_24,4,110,30.8828,497007.862,30.385,704.9878,0.7674,18.3168,314586.3348,17.9459,649
2026-01-28T02:36:02.622214,Attention,robustvision,Participant_24,4,111,22.3957,262898.6662,21.8997,512.7364,0.8765,16.8788,275719.4935,16.5084,649
2026-01-28T02:36:21.920722,Attention,robustvision,Participant_24,4,112,29.9477,509481.1855,29.4504,713.7795,0.7666,16.4432,260471.9343,16.0728,649
2026-01-28T02:36:41.347123,Attention,robustvision,Participant_24,4,113,27.6384,466529.9443,27.142,683.03,0.7738,16.1606,256476.6911,15.7908,649
2026-01-28T02:37:00.080654,Attention,robustvision,Participant_24,4,114,26.2063,448738.2027,25.7125,669.8792,0.786,17.3398,286291.4745,16.9691,649
2026-01-28T02:37:19.896583,Attention,robustvision,Participant_24,4,115,26.2154,408848.2468,25.7189,639.4124,0.8133,15.8828,244055.2328,15.5123,649
2026-01-28T02:37:38.561808,Attention,robustvision,Participant_24,4,116,23.0973,334606.3581,22.602,578.4517,0.8478,18.3182,313566.1641,17.9473,649
2026-01-28T02:37:57.973162,Attention,robustvision,Participant_24,4,117,49.3839,1178114.2553,48.8844,1085.4097,0.4519,17.4828,277414.9851,17.1122,649
2026-01-28T02:38:17.842975,Attention,robustvision,Participant_24,4,118,31.8255,619032.5151,31.3283,786.7862,0.7157,16.8266,265501.4319,16.4561,649
2026-01-28T02:38:37.890189,Attention,robustvision,Participant_24,4,119,31.0234,634779.2303,30.5251,796.7303,0.7104,15.8073,241651.1514,15.437,649
2026-01-28T02:38:59.314599,Attention,robustvision,Participant_24,4,120,32.1852,624338.9521,31.6891,790.1512,0.7007,18.9269,328757.7205,18.5556,649
2026-01-28T02:39:20.393039,Attention,robustvision,Participant_24,4,121,26.8983,400196.6162,26.4033,632.611,0.8139,18.4247,306107.2414,18.0539,649
2026-01-28T02:39:40.758739,Attention,robustvision,Participant_24,4,122,32.2981,580058.5755,31.8005,761.6158,0.7299,15.9811,240509.9034,15.6107,649
2026-01-28T02:40:02.200392,Attention,robustvision,Participant_24,4,123,29.8434,604520.1548,29.3479,777.5089,0.7164,14.7818,210987.8422,14.4123,649
2026-01-28T02:40:22.704757,Attention,robustvision,Participant_24,4,124,34.1175,706731.6318,33.6204,840.6733,0.6741,17.2016,270318.1882,16.8308,649
2026-01-28T02:40:43.041951,Attention,robustvision,Participant_24,4,125,38.0391,775908.6126,37.5408,880.8567,0.6411,17.1326,269492.5046,16.7622,649
2026-01-28T02:41:03.202026,Attention,robustvision,Participant_24,4,126,30.648,614055.4325,30.1513,783.6169,0.7012,17.8202,297989.176,17.4492,649
2026-01-28T02:41:22.548314,Attention,robustvision,Participant_24,4,127,29.7352,584934.5271,29.2384,764.8101,0.7261,19.156,335853.5978,18.785,649
2026-01-28T02:41:41.909561,Attention,robustvision,Participant_24,4,128,45.6459,983194.1136,45.1484,991.5615,0.5423,20.4421,379166.3033,20.0715,649
2026-01-28T02:42:02.058501,Attention,robustvision,Participant_24,4,129,34.209,764558.3413,33.713,874.3903,0.6497,23.6586,465676.1747,23.2864,649
2026-01-28T02:42:22.165357,Attention,robustvision,Participant_24,4,130,30.6688,559620.5001,30.1717,748.0779,0.7416,20.9805,388703.2026,20.6092,649
2026-01-28T02:42:41.171011,Attention,robustvision,Participant_24,4,131,39.9698,848237.322,39.4704,920.998,0.6099,19.9605,358210.2255,19.5888,649
2026-01-28T02:43:00.713030,Attention,robustvision,Participant_24,4,132,34.4467,705942.5876,33.9511,840.2039,0.6792,19.5943,347290.344,19.2229,649
2026-01-28T02:43:20.374542,Attention,robustvision,Participant_24,4,133,30.1431,525288.4909,29.6451,724.7679,0.7554,18.1582,309822.7925,17.7873,649
2026-01-28T02:43:40.219879,Attention,robustvision,Participant_24,4,134,37.3952,677477.0378,36.8965,823.0899,0.6879,16.809,271282.37,16.4384,649
2026-01-28T02:44:00.124902,Attention,robustvision,Participant_24,4,135,44.1144,973509.6941,43.6151,986.6659,0.5367,18.4941,314252.2402,18.1233,649
2026-01-28T02:44:20.187944,Attention,robustvision,Participant_24,4,136,27.9106,452002.6293,27.4132,672.3114,0.7883,17.6142,291062.3294,17.2436,649
2026-01-28T02:44:39.617265,Attention,robustvision,Participant_24,4,137,26.8883,421719.6893,26.3913,649.3995,0.8002,16.383,265616.3094,16.013,649
2026-01-28T02:44:59.241610,Attention,robustvision,Participant_24,4,138,29.902,494911.3089,29.4027,703.4993,0.7683,16.2299,257666.8255,15.86,649
2026-01-28T02:45:19.238200,Attention,robustvision,Participant_24,4,139,28.672,412858.9402,28.1726,642.541,0.8063,16.6508,261844.085,16.2806,649
2026-01-28T02:45:39.318363,Attention,robustvision,Participant_24,4,140,42.5954,1144447.1023,42.0966,1069.7883,0.4722,26.428,590340.9496,26.0558,649
2026-01-28T02:45:59.638114,Attention,robustvision,Participant_24,4,141,33.151,830062.7854,32.6562,911.0778,0.6117,21.0899,401819.7756,20.7186,649
2026-01-28T02:46:21.899308,Attention,robustvision,Participant_24,4,142,36.4084,928942.1423,35.9107,963.8164,0.5881,19.5724,348417.7383,19.2012,649
2026-01-28T02:46:42.646606,Attention,robustvision,Participant_24,4,143,28.9754,565082.3386,28.4803,751.7196,0.7385,18.2855,317606.0419,17.9146,649
2026-01-28T02:47:03.036392,Attention,robustvision,Participant_24,4,144,33.5537,773146.511,33.057,879.2875,0.6418,17.1702,285097.9291,16.7996,649
2026-01-28T02:47:23.089616,Attention,robustvision,Participant_24,4,145,31.8612,762682.0289,31.3663,873.3167,0.6492,16.7557,266960.7959,16.3852,649
2026-01-28T02:47:43.624482,Attention,robustvision,Participant_24,4,146,35.1027,852469.2497,34.6046,923.2926,0.5981,16.2773,252680.7131,15.9072,649
2026-01-28T02:48:05.713645,Attention,robustvision,Participant_24,4,147,40.9411,1172035.409,40.4452,1082.6058,0.4467,14.7665,212025.9984,14.3968,649
2026-01-28T02:48:26.049873,Attention,robustvision,Participant_24,4,148,28.2282,613642.2369,27.7322,783.3532,0.7034,15.9821,240811.7743,15.6119,649
2026-01-28T02:48:45.892126,Attention,robustvision,Participant_24,4,149,40.3866,904669.4231,39.8887,951.1411,0.5785,16.4132,247606.2606,16.0428,649
2026-01-28T02:49:06.161594,Attention,robustvision,Participant_24,4,150,20.8926,249547.4768,20.396,499.5473,0.884,17.1029,276475.9372,16.7322,649
2026-01-28T02:49:25.716877,Attention,robustvision,Participant_24,4,151,33.2158,590668.2719,32.7174,768.5495,0.7229,17.0925,268876.8243,16.7221,649
2026-01-28T02:49:45.423176,Attention,robustvision,Participant_24,4,152,35.936,763034.7625,35.4417,873.5186,0.6466,18.5139,309031.0003,18.1435,649
2026-01-28T02:50:04.894730,Attention,robustvision,Participant_24,4,153,31.1062,684616.0825,30.6122,827.4153,0.6857,18.3736,306488.4333,18.0028,649
2026-01-28T02:50:23.693937,Attention,robustvision,Participant_24,4,154,29.2659,563358.5845,28.7733,750.5722,0.7408,15.8574,235102.1628,15.4871,649
2026-01-28T02:50:43.864226,Attention,robustvision,Participant_24,4,155,32.8735,759741.9125,32.3762,871.6318,0.658,16.021,241694.2828,15.6511,649
2026-01-28T02:51:02.655089,Attention,robustvision,Participant_24,4,156,40.4008,1005604.9363,39.9046,1002.7986,0.5287,16.5798,253549.4498,16.2092,649
2026-01-28T02:51:22.016023,Attention,robustvision,Participant_24,4,157,30.9647,717340.6445,30.4687,846.9596,0.6762,15.3324,222389.0168,14.9622,649
2026-01-28T02:51:41.030734,Attention,robustvision,Participant_24,4,158,31.2461,633459.956,30.7489,795.902,0.7099,21.1651,415938.578,20.7939,649
2026-01-28T02:52:00.170155,Attention,robustvision,Participant_24,4,159,38.9606,813601.8404,38.4647,901.9988,0.6175,22.3805,422384.4969,22.0085,649
2026-01-28T02:52:20.185246,Attention,robustvision,Participant_24,4,160,34.4749,651921.2041,33.976,807.4164,0.7023,18.0212,293478.2764,17.6504,649
2026-01-28T02:52:39.516090,Attention,robustvision,Participant_24,4,161,43.8503,1013885.685,43.3508,1006.9189,0.5226,18.4128,304458.4552,18.0422,649
2026-01-28T02:52:58.842003,Attention,robustvision,Participant_24,4,162,41.7731,1211918.0129,41.2742,1100.8715,0.4438,21.9203,429990.8683,21.5486,649
2026-01-28T02:53:19.403563,Attention,robustvision,Participant_24,4,163,22.303,302599.7332,21.8062,550.0907,0.8626,20.0326,359518.3193,19.6612,649
2026-01-28T02:53:40.518244,Attention,robustvision,Participant_24,4,164,22.5526,320700.8853,22.0595,566.3046,0.8469,17.4135,288925.0551,17.0429,649
2026-01-28T02:54:02.143518,Attention,robustvision,Participant_24,4,165,20.214,286227.8057,19.7193,535.0026,0.8679,18.1031,299801.467,17.7322,649
2026-01-28T02:54:22.932328,Attention,robustvision,Participant_24,4,166,28.3838,559860.1781,27.8933,748.238,0.7435,18.5385,312932.2549,18.1678,649
2026-01-28T02:54:43.014879,Attention,robustvision,Participant_24,4,167,34.4674,661605.5896,33.9704,813.3914,0.6921,18.803,318427.2551,18.4322,649
2026-01-28T02:55:04.518836,Attention,robustvision,Participant_24,4,168,26.0999,402015.4258,25.6044,634.0469,0.8085,19.0001,325416.5842,18.629,649
2026-01-28T02:55:24.208178,Attention,robustvision,Participant_24,4,169,26.9083,528127.4972,26.4132,726.7238,0.7541,18.8227,320133.0788,18.4517,649
2026-01-28T02:55:43.946699,Attention,robustvision,Participant_24,4,170,43.9409,1009647.8081,43.4428,1004.8123,0.5287,17.1348,272306.9198,16.7642,649
2026-01-28T02:56:03.656222,Attention,robustvision,Participant_24,4,171,31.873,710283.81,31.3799,842.7834,0.6749,22.405,431372.3227,22.0332,649
2026-01-28T02:56:22.330311,Attention,robustvision,Participant_24,4,172,28.5952,491517.6845,28.1003,701.0832,0.77,20.1862,364873.568,19.8151,649
2026-01-28T02:56:42.145155,Attention,robustvision,Participant_24,4,173,45.2205,1216763.0156,44.7237,1103.0698,0.4368,17.5728,286779.528,17.2019,649
2026-01-28T02:57:01.803447,Attention,robustvision,Participant_24,4,174,32.0444,670343.2547,31.5478,818.7449,0.6993,18.2352,299824.2663,17.8641,649
2026-01-28T02:57:21.032572,Attention,robustvision,Participant_24,4,175,36.5692,814166.9746,36.0724,902.312,0.6188,16.6302,262905.6469,16.26,649
2026-01-28T02:57:40.623122,Attention,robustvision,Participant_24,4,176,33.4711,723526.3966,32.9743,850.6035,0.6613,16.786,264366.2795,16.4155,649
2026-01-28T02:57:59.898972,Attention,robustvision,Participant_24,4,177,38.5884,791360.4716,38.0898,889.5844,0.6287,20.0235,367035.6893,19.6523,649
2026-01-28T02:58:19.755964,Attention,robustvision,Participant_24,4,178,40.1271,920165.9714,39.6322,959.2528,0.5604,20.918,387579.6016,20.5466,649
2026-01-28T02:58:39.552114,Attention,robustvision,Participant_24,4,179,34.6255,729934.4519,34.1281,854.362,0.6579,19.6742,349835.4937,19.303,649
2026-01-28T02:59:01.195993,Attention,robustvision,Participant_24,4,180,28.0997,481062.876,27.6047,693.587,0.7768,20.2091,360848.7138,19.8376,649
2026-01-28T02:59:21.683399,Attention,robustvision,Participant_24,4,181,31.9675,599512.8346,31.4703,774.2821,0.7263,17.2788,279172.908,16.9082,649
2026-01-28T02:59:42.877517,Attention,robustvision,Participant_24,4,182,22.7118,342569.6101,22.2176,585.2945,0.8447,16.7851,265733.5281,16.4143,649
2026-01-28T03:00:04.221032,Attention,robustvision,Participant_24,4,183,27.3122,511617.4838,26.8191,715.2744,0.7714,15.3566,228842.8631,14.9864,649
2026-01-28T03:00:24.927177,Attention,robustvision,Participant_24,4,184,26.5578,391921.8756,26.0606,626.0366,0.8215,16.8449,266522.3557,16.4743,649
2026-01-28T03:00:45.664055,Attention,robustvision,Participant_24,4,185,40.4257,843387.7753,39.9265,918.3615,0.6102,19.2361,324399.7342,18.865,649
2026-01-28T03:01:07.783315,Attention,robustvision,Participant_24,4,186,32.451,639969.4421,31.9569,799.9809,0.7003,18.2791,306479.7477,17.9082,649
2026-01-28T03:01:29.155859,Attention,robustvision,Participant_24,4,187,31.9152,560591.0964,31.417,748.7263,0.7411,17.0606,272832.8622,16.6904,649
2026-01-28T03:01:51.349635,Attention,robustvision,Participant_24,4,188,31.0554,545801.2014,30.5576,738.7836,0.7452,16.3238,250733.469,15.9534,649
2026-01-28T03:02:11.046316,Attention,robustvision,Participant_24,4,189,27.7001,455517.5082,27.2028,674.9204,0.7869,17.3339,280090.7321,16.963,649
2026-01-28T03:02:31.751472,Attention,robustvision,Participant_24,4,190,35.3974,682728.6793,34.8996,826.274,0.6911,16.6565,265246.6059,16.286,649
2026-01-28T03:02:52.849216,Attention,robustvision,Participant_24,4,191,27.5272,508141.8717,27.0309,712.8407,0.7583,16.2264,250249.7238,15.8562,649
2026-01-28T03:03:12.316427,Attention,robustvision,Participant_24,4,192,33.5923,737483.561,33.0973,858.7686,0.6597,16.9193,269787.8306,16.5488,649
2026-01-28T03:03:33.451497,Attention,robustvision,Participant_24,4,193,29.9298,585202.9818,29.4339,764.9856,0.7298,19.0743,330584.165,18.7029,649
2026-01-28T03:03:54.646348,Attention,robustvision,Participant_24,4,194,27.7237,472222.2757,27.2264,687.1843,0.7802,17.2581,272233.631,16.8871,649
2026-01-28T03:04:14.064879,Attention,robustvision,Participant_24,4,195,30.2612,524282.4816,29.763,724.0735,0.7609,16.3421,244761.2655,15.9716,649
2026-01-28T03:04:33.766744,Attention,robustvision,Participant_24,4,196,27.7378,418818.8237,27.2411,647.1621,0.8005,18.8655,316470.086,18.4943,649
2026-01-28T03:04:53.498663,Attention,robustvision,Participant_24,4,197,37.0297,677157.0245,36.5306,822.8955,0.68,17.1851,269780.8014,16.8144,649
2026-01-28T03:05:12.417535,Attention,robustvision,Participant_24,4,198,31.6042,631675.0064,31.1089,794.7798,0.7027,20.9599,392372.3548,20.5886,649
2026-01-28T03:05:32.018005,Attention,robustvision,Participant_24,4,199,40.0853,1032801.4423,39.5871,1016.2684,0.5216,17.1686,276747.9871,16.7983,649
2026-01-28T03:05:51.723710,Attention,robustvision,Participant_24,4,200,34.9648,820020.0692,34.4677,905.5496,0.6208,17.136,273905.5599,16.7654,649
2026-01-28T03:06:11.300157,Attention,robustvision,Participant_24,4,201,36.2697,813078.2363,35.7738,901.7085,0.6136,15.9253,245985.8497,15.5551,649
2026-01-28T03:06:30.867160,Attention,robustvision,Participant_24,4,202,31.8029,630503.6622,31.3068,794.0426,0.7069,15.2373,224878.4947,14.8673,649
2026-01-28T03:06:49.472207,Attention,robustvision,Participant_24,4,203,26.3349,439955.3399,25.8382,663.2913,0.7923,18.4446,310687.8841,18.0737,649
2026-01-28T03:07:08.918378,Attention,robustvision,Participant_24,4,204,37.6437,858403.1262,37.1463,926.5005,0.5948,19.404,331894.4867,19.0328,649
2026-01-28T03:07:28.360639,Attention,robustvision,Participant_24,4,205,31.6926,583198.2141,31.1965,763.6742,0.7301,17.469,281051.2567,17.0987,649
2026-01-28T03:07:47.825779,Attention,robustvision,Participant_24,4,206,33.966,679282.8732,33.4709,824.1862,0.6787,17.6764,284402.5957,17.3056,649
2026-01-28T03:08:07.280217,Attention,robustvision,Participant_24,4,207,36.7235,765462.1668,36.2253,874.9069,0.6557,18.1223,303790.5537,17.7517,649
2026-01-28T03:08:26.602836,Attention,robustvision,Participant_24,4,208,36.8109,804972.2986,36.3152,897.2025,0.6248,19.6669,350093.0263,19.2956,649
2026-01-28T03:08:45.642478,Attention,robustvision,Participant_24,4,209,27.3018,475960.0253,26.8051,689.8986,0.784,17.9247,303513.5003,17.5538,649
2026-01-28T03:09:05.101783,Attention,robustvision,Participant_24,4,210,34.1875,809221.5707,33.6923,899.5674,0.6245,17.171,283014.0573,16.8003,649
2026-01-28T03:09:26.154741,Attention,robustvision,Participant_24,4,211,35.5603,1005143.7487,35.0668,1002.5686,0.5234,16.4711,264973.5751,16.101,649
2026-01-28T03:09:46.482630,Attention,robustvision,Participant_24,4,212,32.2831,804567.9447,31.7877,896.9771,0.6435,15.6647,233322.4424,15.2944,649
2026-01-28T03:10:06.755041,Attention,robustvision,Participant_24,4,213,38.3516,912251.2417,37.8541,955.1184,0.5781,15.3459,230391.7608,14.9758,649
2026-01-28T03:10:26.935310,Attention,robustvision,Participant_24,4,214,26.826,478350.2553,26.3289,691.6287,0.7727,15.9732,244608.5141,15.6032,649
2026-01-28T03:10:46.466132,Attention,robustvision,Participant_24,4,215,31.8758,593746.7545,31.3812,770.5496,0.7217,16.7802,272708.5289,16.4101,649
2026-01-28T03:11:07.120875,Attention,robustvision,Participant_24,4,216,33.2392,675045.5203,32.7421,821.6115,0.687,22.256,433373.8931,21.8844,649
2026-01-28T03:11:27.448247,Attention,robustvision,Participant_24,4,217,35.1594,706807.6112,34.6617,840.7185,0.6717,24.2802,506865.4432,23.9083,649
2026-01-28T03:11:46.975368,Attention,robustvision,Participant_24,4,218,27.569,496786.5107,27.0749,704.8308,0.7659,20.8806,392085.0651,20.5093,649
2026-01-28T03:12:06.574527,Attention,robustvision,Participant_24,4,219,33.5479,720371.8411,33.051,848.7472,0.6666,19.3288,344630.1116,18.9576,649
2026-01-28T03:12:27.858072,Attention,robustvision,Participant_24,4,220,34.3652,770156.631,33.8717,877.5857,0.6406,18.9047,333576.4101,18.5339,649
2026-01-28T03:12:47.112544,Attention,robustvision,Participant_24,4,221,34.2781,749849.6378,33.7798,865.9386,0.6557,31.9817,864026.2219,31.6091,649
2026-01-28T03:13:06.438115,Attention,robustvision,Participant_24,4,222,37.2132,890309.0252,36.718,943.5619,0.5868,26.2343,578908.7476,25.8621,649
2026-01-28T03:13:25.955468,Attention,robustvision,Participant_24,4,223,44.4813,1128521.0065,43.9824,1062.3187,0.4665,23.0779,469332.8107,22.7059,649
2026-01-28T03:13:45.754027,Attention,robustvision,Participant_24,4,224,37.4374,816842.2945,36.9387,903.7933,0.6265,21.5294,419025.9655,21.1575,649
2026-01-28T03:14:05.788803,Attention,robustvision,Participant_24,4,225,34.4441,703250.9205,33.9472,838.6006,0.6647,22.3953,437140.0568,22.0236,649
2026-01-28T03:14:25.127346,Attention,robustvision,Participant_24,4,226,27.9896,543733.6532,27.4961,737.383,0.7492,21.0693,400743.576,20.6978,649
2026-01-28T03:14:44.713315,Attention,robustvision,Participant_24,4,227,30.2681,582366.187,29.7734,763.1292,0.7176,19.2064,342383.161,18.8354,649
2026-01-28T03:15:04.013946,Attention,robustvision,Participant_24,4,228,50.0007,1415405.5599,49.5037,1189.7082,0.3428,22.607,448674.6035,22.2353,649
2026-01-28T03:15:23.611000,Attention,robustvision,Participant_24,4,229,44.6931,1021958.4827,44.1951,1010.9196,0.4993,25.1287,526822.6822,24.7562,649
2026-01-28T03:15:43.285036,Attention,robustvision,Participant_24,4,230,44.4706,1106675.8345,43.9718,1051.9866,0.4866,21.5458,405007.3018,21.1741,649
2026-01-28T03:16:03.695217,Attention,robustvision,Participant_24,4,231,35.3859,851432.8501,34.8913,922.7312,0.5997,20.7014,368147.6058,20.33,649
2026-01-28T03:16:23.490410,Attention,robustvision,Participant_24,4,232,37.1861,793767.1891,36.6876,890.9361,0.6333,18.8113,315619.8005,18.4403,649
2026-01-28T03:16:43.543938,Attention,robustvision,Participant_24,4,233,38.4412,895866.2167,37.9438,946.5021,0.583,18.5494,306213.391,18.1784,649
2026-01-28T03:17:04.506329,Attention,robustvision,Participant_24,4,234,28.5631,551398.8249,28.0659,742.5623,0.7508,18.4386,306126.1909,18.0678,649
2026-01-28T03:17:26.501641,Attention,robustvision,Participant_24,4,235,34.3653,752083.0005,33.8678,867.2272,0.6538,19.1598,335956.4961,18.7883,649
2026-01-28T03:17:47.513636,Attention,robustvision,Participant_24,4,236,40.8669,981303.3628,40.3673,990.6076,0.5446,18.1352,311854.4054,17.7642,649
2026-01-28T03:18:08.266734,Attention,robustvision,Participant_24,4,237,40.7471,945663.8394,40.2502,972.4525,0.5586,17.2135,286446.9767,16.8423,649
2026-01-28T03:18:29.928059,Attention,robustvision,Participant_24,4,238,34.22,818467.1784,33.7247,904.6918,0.6239,16.3775,259621.0924,16.0071,649
2026-01-28T03:18:50.683425,Attention,robustvision,Participant_24,4,239,25.418,392022.0233,24.9234,626.1166,0.8098,18.8726,321275.6263,18.5013,649
2026-01-28T03:19:11.323326,Attention,robustvision,Participant_24,4,240,28.6628,566696.1247,28.1688,752.7922,0.742,17.2024,273573.5539,16.8316,649
2026-01-28T03:19:30.814001,Attention,robustvision,Participant_24,4,241,34.822,643318.315,34.3236,802.0713,0.7032,16.1764,248666.7538,15.8057,649
2026-01-28T03:19:50.464183,Attention,robustvision,Participant_24,4,242,35.2109,826231.907,34.718,908.973,0.5957,17.6836,290663.2863,17.3133,649
2026-01-28T03:20:09.776783,Attention,robustvision,Participant_24,4,243,36.5486,738855.705,36.0496,859.5672,0.6575,15.8151,245356.8288,15.445,649
2026-01-28T03:20:29.102876,Attention,robustvision,Participant_24,4,244,32.621,756764.4685,32.1246,869.9221,0.6449,15.9873,246980.6064,15.6172,649
2026-01-28T03:20:48.427403,Attention,robustvision,Participant_24,4,245,40.8289,1302489.3503,40.3307,1141.2666,0.4041,16.672,260650.5105,16.3011,649
2026-01-28T03:21:07.821746,Attention,robustvision,Participant_24,4,246,34.5875,791426.0784,34.0911,889.6213,0.6282,20.2457,365542.3607,19.8741,649
2026-01-28T03:21:28.901211,Attention,robustvision,Participant_24,4,247,28.0331,568183.7801,27.5368,753.7797,0.7419,17.7615,297729.0129,17.3907,649
2026-01-28T03:21:49.037920,Attention,robustvision,Participant_24,4,248,33.2413,758556.865,32.7437,870.9517,0.6474,21.4036,407476.4316,21.0322,649
2026-01-28T03:22:08.473003,Attention,robustvision,Participant_24,4,249,35.6227,874293.4369,35.126,935.0366,0.5841,18.355,310966.2925,17.9838,649
2026-01-28T03:22:27.630908,Attention,robustvision,Participant_24,4,250,37.7979,889680.5027,37.3,943.2288,0.5859,18.0328,308614.7024,17.6621,649
2026-01-28T03:22:47.138634,Attention,robustvision,Participant_24,4,251,27.8123,543221.404,27.3187,737.0356,0.7444,16.1631,249078.9789,15.7929,649
2026-01-28T03:23:06.558988,Attention,robustvision,Participant_24,4,252,26.4428,531613.5607,25.949,729.1183,0.7545,15.2075,224491.2005,14.8376,649
2026-01-28T03:23:25.787686,Attention,robustvision,Participant_24,4,253,34.5187,640004.574,34.0198,800.0029,0.7063,16.6357,259963.0535,16.2652,649
2026-01-28T03:23:45.053431,Attention,robustvision,Participant_24,4,254,25.1482,401421.7839,24.6542,633.5786,0.8135,17.7031,287860.8091,17.3324,649
2026-01-28T03:24:04.326687,Attention,robustvision,Participant_24,4,255,29.2066,466216.1795,28.7099,682.8002,0.7891,19.1961,343765.0823,18.8251,649
2026-01-28T03:24:24.811329,Attention,robustvision,Participant_24,4,256,40.876,861669.3749,40.3771,928.2615,0.593,33.8168,928460.2336,33.4436,649
2026-01-28T03:24:44.641066,Attention,robustvision,Participant_24,4,257,46.0024,1048265.7556,45.5033,1023.8485,0.512,29.9382,740026.892,29.5654,649
2026-01-28T03:25:05.517795,Attention,robustvision,Participant_24,4,258,32.8019,581100.9512,32.3033,762.2998,0.7281,23.84,482549.977,23.4681,649
2026-01-28T03:25:26.195508,Attention,robustvision,Participant_24,4,259,28.302,433456.0459,27.8071,658.3738,0.7992,21.4862,402249.4615,21.1147,649
2026-01-28T03:25:47.228803,Attention,robustvision,Participant_24,4,260,31.7607,618407.0117,31.2636,786.3886,0.718,20.9483,391814.2321,20.5767,649
2026-01-28T03:26:07.042433,Attention,robustvision,Participant_24,4,261,31.7826,660767.5926,31.2869,812.8761,0.6993,19.9135,368997.9019,19.5422,649
2026-01-28T03:26:25.080443,Attention,robustvision,Participant_24,4,262,24.7268,352189.1501,24.2296,593.4553,0.8376,19.2967,346016.4055,18.9258,649
2026-01-28T03:26:45.172736,Attention,robustvision,Participant_24,4,263,32.1446,707419.4779,31.6495,841.0823,0.6673,20.6434,383679.388,20.2721,649
2026-01-28T03:27:05.796895,Attention,robustvision,Participant_24,4,264,31.7036,695221.7674,31.2079,833.7996,0.6803,20.079,367288.6403,19.7077,649
2026-01-28T03:27:25.303206,Attention,robustvision,Participant_24,4,265,26.5506,540064.0114,26.0566,734.8905,0.7505,18.9765,328736.0233,18.6053,649
2026-01-28T03:27:46.603917,Attention,robustvision,Participant_24,4,266,30.1724,600828.3568,29.6752,775.1312,0.7222,18.4225,320555.9574,18.0514,649
2026-01-28T03:28:07.159065,Attention,robustvision,Participant_24,4,267,30.0164,671794.232,29.5192,819.6305,0.6845,19.004,330340.833,18.6327,649
2026-01-28T03:28:27.754736,Attention,robustvision,Participant_24,4,268,29.3865,612797.9407,28.8921,782.8141,0.7106,16.9198,271686.9826,16.5496,649
2026-01-28T03:28:47.244131,Attention,robustvision,Participant_24,4,269,29.8109,579906.8998,29.3137,761.5162,0.7323,16.7225,262038.3041,16.3521,649
2026-01-28T03:29:07.375533,Attention,robustvision,Participant_24,4,270,43.473,986912.8904,42.974,993.4349,0.5367,17.9216,305028.8677,17.5509,649
2026-01-28T03:29:26.596285,Attention,robustvision,Participant_24,4,271,36.3722,626964.7894,35.8728,791.8111,0.706,17.196,285592.9584,16.8256,649
2026-01-28T03:29:46.383722,Attention,robustvision,Participant_24,4,272,42.1606,880979.2863,41.6609,938.605,0.5924,18.233,309652.8272,17.8621,649
2026-01-28T03:30:05.854342,Attention,robustvision,Participant_24,4,273,28.3064,441450.7452,27.8095,664.4176,0.8018,19.9007,361635.1584,19.5292,649
2026-01-28T03:30:25.126109,Attention,robustvision,Participant_24,4,274,35.2988,688543.7019,34.8007,829.7853,0.6778,20.4291,376359.0873,20.0575,649
2026-01-28T03:30:44.719824,Attention,robustvision,Participant_24,4,275,27.8218,511006.2778,27.3303,714.847,0.7637,16.6752,269871.8493,16.3048,649
2026-01-28T03:31:03.704000,Attention,robustvision,Participant_24,4,276,17.8859,208967.2423,17.3918,457.1293,0.9046,15.7115,241641.7803,15.341,649
2026-01-28T03:31:23.000861,Attention,robustvision,Participant_24,4,277,24.0061,312334.8864,23.5078,558.8693,0.8552,15.9074,241864.0866,15.537,649
2026-01-28T03:31:42.750194,Attention,robustvision,Participant_24,4,278,22.9601,349336.3146,22.4671,591.0468,0.8378,15.9368,238501.3933,15.5667,649
2026-01-28T03:32:01.941842,Attention,robustvision,Participant_24,4,279,25.9435,375432.088,25.4488,612.7251,0.8231,15.2207,222269.4266,14.8507,649
2026-01-28T03:32:21.204660,Attention,robustvision,Participant_24,4,280,24.492,377932.9581,23.9968,614.7625,0.8183,19.9865,363135.2409,19.6155,649
2026-01-28T03:32:40.615613,Attention,robustvision,Participant_24,4,281,33.0765,733911.4909,32.5801,856.6863,0.6612,20.21,370870.4074,19.8386,649
2026-01-28T03:33:00.236390,Attention,robustvision,Participant_24,4,282,31.4112,707636.5209,30.9169,841.2113,0.6681,20.513,382571.6485,20.1417,649
2026-01-28T03:33:19.453447,Attention,robustvision,Participant_24,4,283,32.6804,671164.3775,32.1822,819.2462,0.6938,18.4751,326561.9389,18.1044,649
2026-01-28T03:33:38.048384,Attention,robustvision,Participant_24,4,284,30.7594,660518.2981,30.2663,812.7228,0.6886,18.2052,319563.3215,17.8344,649
2026-01-28T03:33:56.813366,Attention,robustvision,Participant_24,4,285,26.4267,498151.5945,25.9303,705.7986,0.7782,16.8952,278250.342,16.5247,649
2026-01-28T03:34:16.097555,Attention,robustvision,Participant_24,4,286,33.8165,826942.2679,33.3211,909.3637,0.6153,16.2764,257164.5378,15.9058,649
2026-01-28T03:34:35.146257,Attention,robustvision,Participant_24,4,287,25.6487,482873.4968,25.1537,694.891,0.772,17.4002,282951.1897,17.0295,649
2026-01-28T03:34:57.850805,Attention,robustvision,Participant_24,4,288,30.198,676392.5604,29.7032,822.4309,0.6881,16.6195,257348.7281,16.249,649
2026-01-28T03:35:18.599549,Attention,robustvision,Participant_24,4,289,29.1876,671978.426,28.6945,819.7429,0.6986,18.5131,314174.2606,18.1426,649
2026-01-28T03:35:39.100141,Attention,robustvision,Participant_24,4,290,38.2358,765106.3578,37.7377,874.7036,0.6406,15.997,250598.5461,15.6269,649
2026-01-28T03:35:59.572316,Attention,robustvision,Participant_24,4,291,37.2487,853162.0495,36.7519,923.6677,0.5996,16.5008,263186.4115,16.1304,649
2026-01-28T03:36:19.932579,Attention,robustvision,Participant_24,4,292,34.6531,754217.0988,34.1549,868.4567,0.6552,17.0083,272765.2313,16.6379,649
2026-01-28T03:36:40.486183,Attention,robustvision,Participant_24,4,293,35.263,633421.6113,34.7645,795.8779,0.6948,15.9719,244077.7251,15.6022,649
2026-01-28T03:36:59.946814,Attention,robustvision,Participant_24,4,294,35.559,658323.1132,35.0604,811.3711,0.6953,16.4491,258829.4623,16.0791,649
2026-01-28T03:37:19.374313,Attention,robustvision,Participant_24,4,295,37.9337,899008.9821,37.4372,948.1608,0.5818,15.0099,223105.4186,14.6399,649
2026-01-28T03:37:38.438796,Attention,robustvision,Participant_24,4,296,29.6086,581104.2206,29.1127,762.3019,0.7339,15.2052,228459.5945,14.8352,649
2026-01-28T03:37:58.252763,Attention,robustvision,Participant_24,4,297,30.0766,603125.6627,29.5804,776.6117,0.7196,20.2109,365004.735,19.8394,649
2026-01-28T03:38:17.481111,Attention,robustvision,Participant_24,4,298,30.0742,550075.035,29.5777,741.6704,0.7452,18.9472,334553.1378,18.5764,649
2026-01-28T03:38:36.927650,Attention,robustvision,Participant_24,4,299,24.304,400489.9091,23.8095,632.8427,0.8172,22.0808,420970.6717,21.7089,649
2026-01-28T03:38:56.880929,Attention,robustvision,Participant_24,4,300,25.1292,427346.3463,24.6375,653.7173,0.7921,18.7091,326960.7407,18.3378,649
2026-01-28T03:39:16.420848,Attention,robustvision,Participant_24,4,301,24.849,433352.9684,24.3586,658.2955,0.7987,17.5107,297472.639,17.1401,649
2026-01-28T03:39:35.526781,Attention,robustvision,Participant_24,4,302,38.1794,924397.4252,37.6825,961.4559,0.5646,20.358,382947.6542,19.9865,649
2026-01-28T03:39:55.102705,Attention,robustvision,Participant_24,4,303,37.2284,896628.4676,36.7304,946.9047,0.5783,18.6694,326049.4912,18.2983,649
2026-01-28T03:40:14.379422,Attention,robustvision,Participant_24,4,304,29.3701,574899.2324,28.8742,758.2211,0.739,16.5837,267460.4798,16.2132,649
2026-01-28T03:40:33.093890,Attention,robustvision,Participant_24,4,305,27.7496,499424.5785,27.2528,706.6998,0.7591,16.7471,269478.1879,16.3764,649
2026-01-28T03:40:52.297504,Attention,robustvision,Participant_24,4,306,35.6787,755855.8561,35.1815,869.3997,0.6423,16.898,274087.1491,16.5277,649
2026-01-28T03:41:11.601686,Attention,robustvision,Participant_24,4,307,30.7387,503355.3397,30.2426,709.4754,0.7647,25.3217,546315.0914,24.9496,649
2026-01-28T03:41:30.450463,Attention,robustvision,Participant_24,4,308,36.5644,734108.3168,36.0654,856.8012,0.6655,25.1935,545265.8633,24.8213,649
2026-01-28T03:41:50.616829,Attention,robustvision,Participant_24,4,309,20.0561,231709.2814,19.5608,481.3619,0.8922,22.1156,432327.349,21.744,649
2026-01-28T03:42:16.104578,Attention,robustvision,Participant_24,4,310,36.1785,703589.4133,35.6801,838.8024,0.669,20.9187,394235.1869,20.5471,649
2026-01-28T03:42:36.552196,Attention,robustvision,Participant_24,4,311,44.0832,971175.0175,43.5839,985.4821,0.5471,22.5666,443151.4466,22.1949,649
2026-01-28T03:42:56.500887,Attention,robustvision,Participant_24,4,312,34.9495,661751.9249,34.4531,813.4814,0.689,21.8011,430075.0373,21.4295,649
2026-01-28T03:43:16.644062,Attention,robustvision,Participant_24,4,313,25.887,370142.7843,25.3907,608.3936,0.8271,20.8102,402191.53,20.4386,649
2026-01-28T03:43:36.971936,Attention,robustvision,Participant_24,4,314,26.7519,566378.8941,26.2606,752.5815,0.7425,19.0672,355394.8905,18.6957,649
2026-01-28T03:43:56.988079,Attention,robustvision,Participant_24,4,315,35.1661,687807.8422,34.6695,829.3418,0.6722,18.6847,330781.1267,18.314,649
2026-01-28T03:44:17.091137,Attention,robustvision,Participant_24,4,316,24.1565,358005.2042,23.6605,598.3354,0.832,18.2127,320197.8684,17.842,649
2026-01-28T03:44:36.719826,Attention,robustvision,Participant_24,4,317,32.4325,597359.432,31.934,772.8903,0.7216,17.9778,310579.9128,17.6072,649
2026-01-28T03:44:57.043973,Attention,robustvision,Participant_24,4,318,27.6604,448701.6141,27.1642,669.8519,0.7935,17.9495,301499.5619,17.5788,649
2026-01-28T03:45:16.986472,Attention,robustvision,Participant_24,4,319,34.7392,690251.0052,34.241,830.8135,0.6732,17.1298,285585.9944,16.7593,649
2026-01-28T03:45:36.940978,Attention,robustvision,Participant_24,4,320,30.3602,650697.5774,29.8627,806.6583,0.6932,20.4863,375129.6026,20.1149,649
2026-01-28T03:45:57.955297,Attention,robustvision,Participant_24,4,321,48.3515,1406635.4393,47.8551,1186.0166,0.34,22.7925,464375.3517,22.4206,649
2026-01-28T03:46:18.340914,Attention,robustvision,Participant_24,4,322,23.3686,420282.1094,22.8734,648.2917,0.8026,21.5181,410914.5689,21.1463,649
2026-01-28T03:46:37.555092,Attention,robustvision,Participant_24,4,323,30.6507,814089.1851,30.1582,902.2689,0.634,19.4772,349890.2865,19.1061,649
2026-01-28T03:46:56.971322,Attention,robustvision,Participant_24,4,324,27.214,453915.7626,26.7198,673.7327,0.785,21.1699,399175.5799,20.7984,649
2026-01-28T03:47:16.590172,Attention,robustvision,Participant_24,4,325,26.629,427441.1215,26.1332,653.7898,0.8039,21.0234,387993.35,20.6523,649
2026-01-28T03:47:36.570186,Attention,robustvision,Participant_24,4,326,33.4494,728238.6041,32.9558,853.369,0.6579,17.5345,283285.0625,17.1638,649
2026-01-28T03:47:56.086596,Attention,robustvision,Participant_24,4,327,38.1515,794502.7668,37.6544,891.3488,0.6373,17.0364,260480.7549,16.6658,649
2026-01-28T03:48:15.721911,Attention,robustvision,Participant_24,4,328,32.2475,609043.2173,31.7531,780.4122,0.7124,15.7312,229204.0704,15.361,649
2026-01-28T03:48:35.068538,Attention,robustvision,Participant_24,4,329,33.1458,618202.9778,32.6499,786.2588,0.7116,17.1768,273963.5053,16.806,649
2026-01-28T03:48:55.317329,Attention,robustvision,Participant_24,4,330,40.2988,881701.712,39.8012,938.9897,0.5997,16.2348,245214.6126,15.8646,649
2026-01-28T03:49:15.616857,Attention,robustvision,Participant_24,4,331,42.005,1055212.3753,41.5079,1027.2353,0.5063,19.7259,361051.8672,19.3547,649
2026-01-28T03:49:34.947194,Attention,robustvision,Participant_24,4,332,37.0623,800942.605,36.5658,894.954,0.6377,22.9651,448673.6511,22.5934,649
2026-01-28T03:49:55.243127,Attention,robustvision,Participant_24,4,333,27.1981,499773.104,26.7061,706.9463,0.7618,19.1962,338387.267,18.8248,649
2026-01-28T03:50:15.103857,Attention,robustvision,Participant_24,4,334,30.0637,465519.2048,29.5672,682.2897,0.7807,19.545,348671.0524,19.1739,649
2026-01-28T03:50:34.535975,Attention,robustvision,Participant_24,4,335,28.8308,540632.3866,28.3372,735.2771,0.7502,18.5171,318251.6716,18.1464,649
2026-01-28T03:50:53.527038,Attention,robustvision,Participant_24,4,336,28.0689,445326.9103,27.5722,667.3282,0.7883,18.2522,312640.7721,17.8814,649
2026-01-28T03:51:12.966817,Attention,robustvision,Participant_24,4,337,25.113,376967.7145,24.6187,613.977,0.8266,17.7174,300321.1759,17.3468,649
2026-01-28T03:51:32.613381,Attention,robustvision,Participant_24,4,338,27.8889,506658.7904,27.3917,711.7997,0.7561,17.7261,295593.1238,17.3554,649
2026-01-28T03:51:51.563955,Attention,robustvision,Participant_24,4,339,25.0825,377717.7955,24.5883,614.5875,0.8217,18.2441,315074.4855,17.8736,649
2026-01-28T03:52:13.020740,Attention,robustvision,Participant_24,4,340,32.7063,693095.6011,32.2117,832.5236,0.6758,18.0932,312872.2774,17.7226,649
2026-01-28T03:52:33.916034,Attention,robustvision,Participant_24,4,341,24.6766,418439.486,24.1803,646.869,0.8093,17.0212,269184.811,16.6505,649
2026-01-28T03:52:54.566287,Attention,robustvision,Participant_24,4,342,27.7769,492711.4008,27.279,701.934,0.7662,16.2909,251164.6441,15.9209,649
2026-01-28T03:53:15.315853,Attention,robustvision,Participant_24,4,343,27.7041,404270.8048,27.2082,635.8229,0.808,17.3896,289631.13,17.0192,649
2026-01-28T03:53:35.659936,Attention,robustvision,Participant_24,4,344,38.3555,775715.0591,37.8579,880.7469,0.6371,22.7539,439733.5414,22.3822,649
2026-01-28T03:53:56.634048,Attention,robustvision,Participant_24,4,345,26.1358,519151.6092,25.6419,720.5218,0.7678,20.2772,363550.44,19.906,649
2026-01-28T03:54:16.696645,Attention,robustvision,Participant_24,4,346,24.2887,428907.1005,23.7956,654.91,0.796,17.5396,285839.6928,17.1688,649
2026-01-28T03:54:36.437214,Attention,robustvision,Participant_24,4,347,23.3987,441553.806,22.906,664.4952,0.7998,17.4253,283419.7039,17.0547,649
2026-01-28T03:54:55.670159,Attention,robustvision,Participant_24,4,348,26.9997,478836.3237,26.5027,691.98,0.781,16.1437,250697.8324,15.7734,649
2026-01-28T03:55:15.679596,Attention,robustvision,Participant_24,4,349,36.8517,906091.4815,36.3545,951.8884,0.5636,16.1558,253562.9344,15.7856,649
2026-01-28T03:55:34.619771,Attention,robustvision,Participant_24,4,350,32.369,713341.1551,31.8761,844.5953,0.675,16.538,259669.0299,16.1677,649
2026-01-28T03:55:53.456762,Attention,robustvision,Participant_24,4,351,39.5486,879784.549,39.0524,937.9683,0.5856,18.5855,317197.8488,18.2148,649
2026-01-28T03:56:13.057027,Attention,robustvision,Participant_24,4,352,35.2096,767119.4444,34.7125,875.8536,0.6434,18.1021,296773.3199,17.7312,649
2026-01-28T03:56:32.304820,Attention,robustvision,Participant_24,4,353,33.7137,684690.3737,33.2169,827.4602,0.6796,16.5753,258708.3984,16.2046,649
2026-01-28T03:56:51.156142,Attention,robustvision,Participant_24,4,354,34.1112,686233.3004,33.6151,828.392,0.6793,16.8314,271533.1388,16.461,649
2026-01-28T03:57:10.518614,Attention,robustvision,Participant_24,4,355,28.7022,490256.8683,28.2073,700.1835,0.7754,16.0488,244032.4523,15.6785,649
2026-01-28T03:57:29.615358,Attention,robustvision,Participant_24,4,356,41.2126,884764.9038,40.7141,940.6194,0.5916,19.6757,347166.9044,19.3047,649
2026-01-28T03:57:48.942861,Attention,robustvision,Participant_24,4,357,37.8937,878390.5562,37.3978,937.2249,0.6027,20.8953,383769.2924,20.5236,649
2026-01-28T03:58:08.605004,Attention,robustvision,Participant_24,4,358,33.2837,621754.1212,32.7853,788.5139,0.7063,17.0682,278609.3857,16.6978,649
2026-01-28T03:58:27.442797,Attention,robustvision,Participant_24,4,359,32.3645,582328.3183,31.8669,763.1044,0.7286,16.0983,251346.8057,15.7282,649
2026-01-28T03:58:47.317112,Attention,robustvision,Participant_24,4,360,34.2266,722392.774,33.7315,849.9369,0.6626,20.3479,386406.0118,19.9765,649
2026-01-28T03:59:07.368714,Attention,robustvision,Participant_24,4,361,34.8743,865406.6316,34.3787,930.2723,0.5975,27.7227,623853.6002,27.3503,649
2026-01-28T03:59:28.763940,Attention,robustvision,Participant_24,4,362,40.6277,867657.3737,40.132,931.4813,0.597,22.6138,442472.9173,22.2418,649
2026-01-28T03:59:49.446106,Attention,robustvision,Participant_24,4,363,34.9668,730652.2255,34.4696,854.782,0.6528,20.7523,392526.3615,20.3808,649
2026-01-28T04:00:09.319463,Attention,robustvision,Participant_24,4,364,27.2564,543204.3502,26.7602,737.024,0.746,19.4081,349267.2879,19.0368,649
2026-01-28T04:00:30.959881,Attention,robustvision,Participant_24,4,365,34.3792,774785.7907,33.8823,880.2192,0.6381,19.6936,355558.8429,19.3222,649
2026-01-28T04:00:51.913152,Attention,robustvision,Participant_24,4,366,26.3066,494745.0186,25.8124,703.3811,0.7713,25.8835,590848.5058,25.5115,649
2026-01-28T04:01:10.855659,Attention,robustvision,Participant_24,4,367,32.3784,750572.6421,31.8834,866.356,0.6584,22.5581,461129.6668,22.1865,649
2026-01-28T04:01:31.120230,Attention,robustvision,Participant_24,4,368,37.6203,974904.5881,37.1228,987.3726,0.5586,20.9346,418618.9973,20.5631,649
2026-01-28T04:01:50.093876,Attention,robustvision,Participant_24,4,369,31.4695,603070.1225,30.9748,776.5759,0.7137,19.238,362147.7176,18.8673,649
2026-01-28T04:02:09.128733,Attention,robustvision,Participant_24,4,370,27.8125,507788.9077,27.3184,712.5931,0.7684,19.3855,366805.0483,19.0144,649
2026-01-28T04:02:28.909646,Attention,robustvision,Participant_24,4,371,21.5528,310307.12,21.0576,557.0522,0.8554,18.5687,334462.835,18.1979,649
2026-01-28T04:02:48.652401,Attention,robustvision,Participant_24,4,372,31.7099,637417.6458,31.2129,798.3844,0.7023,19.4383,351864.61,19.0668,649
2026-01-28T04:03:07.422852,Attention,robustvision,Participant_24,4,373,35.435,752252.5851,34.9387,867.325,0.6427,18.2742,317904.814,17.9034,649
2026-01-28T04:03:27.518448,Attention,robustvision,Participant_24,4,374,32.9501,630198.5552,32.4525,793.8505,0.7081,18.294,323940.3129,17.9232,649
2026-01-28T04:03:47.778975,Attention,robustvision,Participant_24,4,375,39.7148,818158.9329,39.2172,904.5214,0.6162,19.9818,371860.3677,19.6105,649
2026-01-28T04:04:07.737336,Attention,robustvision,Participant_24,4,376,40.9178,966601.3236,40.4197,983.1588,0.5476,19.3979,350262.317,19.027,649
2026-01-28T04:04:27.110743,Attention,robustvision,Participant_24,4,377,34.9331,786298.0282,34.4368,886.7345,0.6373,18.3248,321304.9972,17.9537,649
2026-01-28T04:04:46.798829,Attention,robustvision,Participant_24,4,378,31.8232,677735.6358,31.3286,823.247,0.6796,17.7903,306844.7233,17.42,649
2026-01-28T04:05:06.407349,Attention,robustvision,Participant_24,4,379,37.4059,921380.7056,36.9116,959.8858,0.5662,18.0807,315812.7584,17.7102,649
2026-01-28T04:05:25.721127,Attention,robustvision,Participant_24,4,380,30.7591,711755.3417,30.2646,843.6559,0.6652,20.1363,375164.735,19.7652,649
2026-01-28T04:05:45.084128,Attention,robustvision,Participant_24,4,381,26.366,481903.5759,25.8693,694.1928,0.7692,18.8874,338409.3178,18.5162,649
2026-01-28T04:06:04.744863,Attention,robustvision,Participant_24,4,382,25.4153,506809.9727,24.9192,711.9059,0.7707,16.1669,265803.9721,15.7968,649
2026-01-28T04:06:24.168939,Attention,robustvision,Participant_24,4,383,27.1354,525067.349,26.6394,724.6153,0.7576,14.9333,231571.4557,14.5634,649
2026-01-28T04:06:42.762773,Attention,robustvision,Participant_24,4,384,27.4796,524043.6353,26.9861,723.9086,0.7609,15.1333,234552.0802,14.7635,649
2026-01-28T04:07:02.286923,Attention,robustvision,Participant_24,4,385,28.1683,477745.7794,27.6745,691.1916,0.7792,17.0144,272706.521,16.6436,649
2026-01-28T04:07:22.184100,Attention,robustvision,Participant_24,4,386,31.4177,573395.7383,30.9227,757.229,0.7292,18.4417,315991.1565,18.0707,649
2026-01-28T04:07:44.187816,Attention,robustvision,Participant_24,4,387,31.3777,610999.7149,30.8803,781.6647,0.7126,17.9144,298160.1941,17.5436,649
2026-01-28T04:08:04.756126,Attention,robustvision,Participant_24,4,388,32.9978,786015.8915,32.5048,886.5754,0.6367,17.5671,283625.9147,17.1959,649
2026-01-28T04:08:25.706301,Attention,robustvision,Participant_24,4,389,32.5115,720104.7655,32.0164,848.5899,0.6676,16.529,257986.9745,16.1589,649
2026-01-28T04:08:46.351040,Attention,robustvision,Participant_24,4,390,46.6034,1180285.291,46.1052,1086.4094,0.4468,17.2389,278191.4018,16.868,649
2026-01-28T04:09:07.741838,Attention,robustvision,Participant_24,4,391,42.4703,904277.2138,41.9712,950.9349,0.5832,35.1334,962865.5117,34.7603,649
2026-01-28T04:09:27.676838,Attention,robustvision,Participant_24,4,392,34.2564,671097.3123,33.7584,819.2053,0.6942,28.3912,643787.1627,28.0184,649
2026-01-28T04:09:47.661488,Attention,robustvision,Participant_24,4,393,34.7033,726004.858,34.204,852.0592,0.6622,27.7518,646684.9406,27.3795,649
2026-01-28T04:10:07.142272,Attention,robustvision,Participant_24,4,394,36.3873,727978.2076,35.8893,853.2164,0.6633,23.1622,479304.8771,22.7904,649
2026-01-28T04:10:27.419157,Attention,robustvision,Participant_24,4,395,35.7112,758308.1018,35.2147,870.8089,0.6606,22.1053,447787.7577,21.7338,649
2026-01-28T04:10:46.795426,Attention,robustvision,Participant_24,4,396,32.0795,594621.8199,31.5813,771.1173,0.7244,22.1904,438411.6005,21.8186,649
2026-01-28T04:11:06.282209,Attention,robustvision,Participant_24,4,397,33.5652,644926.4604,33.0673,803.0731,0.692,21.2579,414350.813,20.8863,649
2026-01-28T04:11:25.091065,Attention,robustvision,Participant_24,4,398,36.077,716241.9857,35.58,846.3108,0.6633,18.9591,358037.9823,18.5881,649
2026-01-28T04:11:44.314591,Attention,robustvision,Participant_24,4,399,38.0301,739913.0319,37.5323,860.182,0.6601,18.5449,332746.937,18.1743,649
2026-01-28T04:12:04.435702,Attention,robustvision,Participant_24,4,400,24.4915,364023.5559,23.9944,603.3436,0.8283,19.5862,360098.4939,19.2151,649
2026-01-28T04:12:23.948037,Attention,robustvision,Participant_24,4,401,28.7975,453248.3968,28.3006,673.2373,0.7884,18.2399,310246.2894,17.8694,649
2026-01-28T04:12:43.619996,Attention,robustvision,Participant_24,4,402,36.4293,753833.5189,35.9319,868.2359,0.6525,23.5448,495700.0992,23.1731,649
2026-01-28T04:13:03.290799,Attention,robustvision,Participant_24,4,403,33.5915,744908.211,33.0941,863.0807,0.6449,23.8579,493848.9307,23.4859,649
2026-01-28T04:13:22.906993,Attention,robustvision,Participant_24,4,404,35.0176,801940.2375,34.5218,895.5112,0.6268,22.0804,433842.1716,21.7089,649
2026-01-28T04:13:42.031993,Attention,robustvision,Participant_24,4,405,25.7226,429535.1839,25.2312,655.3893,0.7941,21.904,430184.2531,21.5324,649
2026-01-28T04:14:01.552769,Attention,robustvision,Participant_24,4,406,42.3416,1240029.0961,41.8432,1113.5659,0.4206,21.903,426941.9774,21.5312,649
2026-01-28T04:14:20.811018,Attention,robustvision,Participant_24,4,407,33.7368,702954.9199,33.2397,838.4241,0.6681,20.0647,384377.4589,19.6935,649
2026-01-28T04:14:40.723772,Attention,robustvision,Participant_24,4,408,41.1403,1130508.8858,40.643,1063.2539,0.4814,20.35,396606.3064,19.9787,649
2026-01-28T04:15:00.625050,Attention,robustvision,Participant_24,4,409,30.652,623580.9783,30.1549,789.6714,0.7086,19.5115,360597.4107,19.1409,649
2026-01-28T04:15:20.921219,Attention,robustvision,Participant_24,4,410,30.9682,715853.3306,30.4735,846.0812,0.6827,17.4235,301710.3798,17.0529,649
2026-01-28T04:15:41.463276,Attention,robustvision,Participant_24,4,411,32.7762,618243.4336,32.2804,786.2846,0.7012,18.7733,331634.3482,18.4021,649
2026-01-28T04:16:01.216160,Attention,robustvision,Participant_24,4,412,29.4073,673622.4221,28.9122,820.745,0.6907,19.2212,347251.6997,18.8499,649
2026-01-28T04:16:21.859225,Attention,robustvision,Participant_24,4,413,30.4463,811365.9271,29.9537,900.7585,0.6454,19.0505,340607.3927,18.6797,649
2026-01-28T04:16:42.100847,Attention,robustvision,Participant_24,4,414,36.7719,691456.3261,36.272,831.5385,0.665,21.3967,404559.3515,21.0252,649
2026-01-28T04:17:02.910993,Attention,robustvision,Participant_24,4,415,41.6087,900520.7513,41.1102,948.9577,0.576,18.5071,317904.1189,18.1361,649
2026-01-28T04:17:23.806332,Attention,robustvision,Participant_24,4,416,24.9305,327277.0867,24.4357,572.0814,0.8428,20.1033,361082.9171,19.7321,649
2026-01-28T04:17:45.718559,Attention,robustvision,Participant_24,4,417,27.9519,452174.7882,27.4554,672.4394,0.7876,18.1651,309950.2684,17.7942,649
2026-01-28T04:18:05.509017,Attention,robustvision,Participant_24,4,418,28.7738,525119.4126,28.2832,724.6512,0.7437,18.1207,307643.0097,17.7501,649
2026-01-28T04:18:24.748884,Attention,robustvision,Participant_24,4,419,32.532,636333.7014,32.0332,797.7053,0.6996,20.0028,372155.8927,19.6314,649
2026-01-28T04:18:44.470887,Attention,robustvision,Participant_24,4,420,26.4708,434041.9171,25.9786,658.8186,0.7825,18.3514,322942.0969,17.9803,649
2026-01-28T04:19:04.894168,Attention,robustvision,Participant_24,4,421,27.0856,424903.8501,26.5872,651.8465,0.7982,18.4876,326832.1048,18.1168,649
2026-01-28T04:19:24.680493,Attention,robustvision,Participant_24,4,422,31.6287,608774.6439,31.1325,780.2401,0.7151,18.8593,332599.8843,18.4881,649
2026-01-28T04:19:43.195155,Attention,robustvision,Participant_24,4,423,20.0866,273626.5795,19.5908,523.0933,0.8681,18.2475,321080.5698,17.8765,649
2026-01-28T04:20:01.686696,Attention,robustvision,Participant_24,4,424,28.6762,639990.1323,28.1842,799.9938,0.7018,17.59,303980.2057,17.2197,649
2026-01-28T04:20:20.670822,Attention,robustvision,Participant_24,4,425,31.194,522385.5251,30.695,722.7624,0.7582,19.5931,361327.1393,19.2214,649
2026-01-28T04:20:40.097475,Attention,robustvision,Participant_24,4,426,23.4991,342670.4412,23.006,585.3806,0.8404,21.372,420604.2312,21.0002,649
2026-01-28T04:20:59.503077,Attention,robustvision,Participant_24,4,427,36.3421,682745.2221,35.8438,826.284,0.6812,19.0101,347497.2665,18.6388,649
2026-01-28T04:21:31.400770,Attention,robustvision,Participant_20,5,0,22.2859,357322.5831,21.7936,597.7647,0.8283,25.659,606175.8565,25.287,560
2026-01-28T04:21:50.563790,Attention,robustvision,Participant_20,5,1,20.7697,339624.8214,20.2787,582.7734,0.8523,19.4988,353317.5914,19.1278,560
2026-01-28T04:22:09.514328,Attention,robustvision,Participant_20,5,2,21.037,339466.2857,20.5487,582.6374,0.8527,18.0382,304154.4866,17.6673,560
2026-01-28T04:22:28.694378,Attention,robustvision,Participant_20,5,3,28.5056,499273.0368,28.009,706.5926,0.775,18.6451,329314.556,18.2744,560
2026-01-28T04:22:48.888603,Attention,robustvision,Participant_20,5,4,24.9304,380599.6825,24.4348,616.9276,0.8293,19.6631,356888.4786,19.2921,560
2026-01-28T04:23:09.735391,Attention,robustvision,Participant_20,5,5,19.2766,246057.3471,18.782,496.0417,0.8928,18.0764,296138.8887,17.7055,560
2026-01-28T04:23:33.486819,Attention,robustvision,Participant_20,5,6,18.6124,244320.519,18.1179,494.2879,0.8937,15.8357,233342.6809,15.4656,560
2026-01-28T04:23:53.423350,Attention,robustvision,Participant_20,5,7,27.1075,451373.1802,26.6121,671.8431,0.8033,16.5911,254218.1391,16.2208,560
2026-01-28T04:24:14.332209,Attention,robustvision,Participant_20,5,8,28.6113,493642.9576,28.1218,702.5973,0.7751,17.4122,278513.2053,17.0416,560
2026-01-28T04:24:34.742305,Attention,robustvision,Participant_20,5,9,18.711,271209.5759,18.2148,520.7779,0.8824,18.8822,325239.5635,18.511,560
2026-01-28T04:24:55.495251,Attention,robustvision,Participant_20,5,10,21.7144,325887.608,21.2169,570.8657,0.855,19.7791,343577.9702,19.4078,560
2026-01-28T04:25:15.187098,Attention,robustvision,Participant_20,5,11,18.8572,226589.1691,18.3618,476.0138,0.8955,18.4186,310131.8674,18.0478,560
2026-01-28T04:25:35.283698,Attention,robustvision,Participant_20,5,12,19.3723,272780.9774,18.878,522.2844,0.8769,17.1952,279139.6666,16.8248,560
2026-01-28T04:25:54.823386,Attention,robustvision,Participant_20,5,13,19.295,279612.606,18.7994,528.7841,0.8729,15.8037,246644.8287,15.4337,560
2026-01-28T04:26:14.539706,Attention,robustvision,Participant_20,5,14,26.1623,418171.6847,25.6715,646.662,0.812,17.3604,283358.5046,16.9897,560
2026-01-28T04:26:33.997328,Attention,robustvision,Participant_20,5,15,27.1405,487381.6769,26.6446,698.1273,0.784,17.1071,272645.5962,16.7365,560
2026-01-28T04:26:53.656976,Attention,robustvision,Participant_20,5,16,21.7113,373879.5865,21.219,611.4569,0.8265,19.2683,330795.9776,18.8974,560
2026-01-28T04:27:13.367400,Attention,robustvision,Participant_20,5,17,22.1174,301654.6959,21.6193,549.231,0.8687,16.7854,262895.4321,16.415,560
2026-01-28T04:27:32.627878,Attention,robustvision,Participant_20,5,18,24.2431,390799.6448,23.746,625.1397,0.8268,17.282,270683.9764,16.9113,560
2026-01-28T04:27:51.527990,Attention,robustvision,Participant_20,5,19,19.2648,256485.5977,18.7706,506.4441,0.8847,19.9413,358992.0687,19.5699,560
2026-01-28T04:28:10.453279,Attention,robustvision,Participant_20,5,20,18.6632,248586.0377,18.168,498.584,0.8896,17.6474,292704.7988,17.2767,560
2026-01-28T04:28:29.846262,Attention,robustvision,Participant_20,5,21,21.9304,316849.2427,21.4367,562.8936,0.8602,17.3194,282051.3269,16.9485,560
2026-01-28T04:28:49.331183,Attention,robustvision,Participant_20,5,22,22.0146,345693.6802,21.5205,587.9572,0.8449,17.8722,293254.4523,17.5014,560
2026-01-28T04:29:09.528931,Attention,robustvision,Participant_20,5,23,28.3349,497433.6529,27.8396,705.2898,0.7737,18.9085,318713.9837,18.5372,560
2026-01-28T04:29:29.096040,Attention,robustvision,Participant_20,5,24,27.0776,455683.7372,26.5835,675.0435,0.7963,19.8916,357060.2996,19.5207,560
2026-01-28T04:29:48.480874,Attention,robustvision,Participant_20,5,25,20.1458,268658.9833,19.6514,518.3232,0.8777,18.5461,312548.0153,18.1753,560
2026-01-28T04:30:07.777346,Attention,robustvision,Participant_20,5,26,23.7999,358730.2394,23.3062,598.9409,0.8444,17.9191,303780.2828,17.5482,560
2026-01-28T04:30:27.421568,Attention,robustvision,Participant_20,5,27,19.1229,244947.1511,18.6259,494.9214,0.8911,16.7365,269280.3503,16.3656,560
2026-01-28T04:30:47.544857,Attention,robustvision,Participant_20,5,28,30.0833,578535.7455,29.5881,760.6154,0.7463,17.7042,287697.9192,17.3331,560
2026-01-28T04:31:07.344922,Attention,robustvision,Participant_20,5,29,21.1806,308670.9976,20.6836,555.5817,0.8664,20.461,369745.315,20.0896,560
2026-01-28T04:31:27.814353,Attention,robustvision,Participant_20,5,30,23.5873,394540.6479,23.093,628.1247,0.8266,17.7992,289564.8676,17.4282,560
2026-01-28T04:31:48.862888,Attention,robustvision,Participant_20,5,31,24.7862,406047.3039,24.2891,637.2184,0.8206,16.6909,255318.6524,16.3207,560
2026-01-28T04:32:08.914421,Attention,robustvision,Participant_20,5,32,26.8664,471806.3315,26.3703,686.8816,0.7887,17.59,278119.9224,17.2191,560
2026-01-28T04:32:29.268369,Attention,robustvision,Participant_20,5,33,19.1825,294111.7651,18.6893,542.3207,0.8742,16.8005,258313.1812,16.4298,560
2026-01-28T04:32:49.293485,Attention,robustvision,Participant_20,5,34,15.3475,163215.9583,14.857,403.9999,0.9292,17.6349,280134.4434,17.264,560
2026-01-28T04:33:10.329444,Attention,robustvision,Participant_20,5,35,25.7643,389751.1002,25.267,624.3005,0.8299,19.6772,338558.2383,19.306,560
2026-01-28T04:33:30.815733,Attention,robustvision,Participant_20,5,36,14.726,166909.9573,14.2331,408.5462,0.9272,16.8924,265143.4454,16.5218,560
2026-01-28T04:33:50.524430,Attention,robustvision,Participant_20,5,37,21.9296,301650.5092,21.4339,549.2272,0.8679,16.7883,261657.7102,16.4178,560
2026-01-28T04:34:10.320629,Attention,robustvision,Participant_20,5,38,21.9754,343011.4492,21.4834,585.6718,0.8501,16.428,248752.7361,16.0575,560
2026-01-28T04:34:29.824052,Attention,robustvision,Participant_20,5,39,25.0544,369679.6663,24.559,608.0129,0.8376,17.0376,261847.6688,16.6668,560
2026-01-28T04:34:49.346492,Attention,robustvision,Participant_20,5,40,24.0477,411537.6752,23.5547,641.512,0.8194,19.9736,355325.0933,19.6023,560
2026-01-28T04:35:08.734129,Attention,robustvision,Participant_20,5,41,30.1495,579698.1295,29.6535,761.3791,0.7479,24.2076,504535.0836,23.8356,560
2026-01-28T04:35:29.409057,Attention,robustvision,Participant_20,5,42,23.5226,405084.014,23.0284,636.4621,0.8234,22.4562,448596.7321,22.0845,560
2026-01-28T04:35:48.729314,Attention,robustvision,Participant_20,5,43,23.9911,392578.9096,23.4977,626.5612,0.8232,19.0398,340684.9417,18.669,560
2026-01-28T04:36:07.532485,Attention,robustvision,Participant_20,5,44,23.9724,413596.4141,23.4801,643.1146,0.8238,19.408,343471.0952,19.0373,560
2026-01-28T04:36:26.730631,Attention,robustvision,Participant_20,5,45,22.3372,284046.4559,21.8428,532.9601,0.8744,19.1984,340315.5937,18.8278,560
2026-01-28T04:36:46.497152,Attention,robustvision,Participant_20,5,46,21.316,294433.202,20.8222,542.617,0.8682,18.5662,316917.9218,18.1952,560
2026-01-28T04:37:05.810690,Attention,robustvision,Participant_20,5,47,33.0684,676139.5352,32.5727,822.277,0.6988,20.8718,389868.5602,20.5007,560
2026-01-28T04:37:25.394187,Attention,robustvision,Participant_20,5,48,26.3075,448236.8728,25.81,669.5049,0.804,26.1838,555525.0404,25.8113,560
2026-01-28T04:37:44.407975,Attention,robustvision,Participant_20,5,49,25.437,458763.4459,24.9422,677.3208,0.7966,22.0252,425310.919,21.6534,560
2026-01-28T04:38:04.078845,Attention,robustvision,Participant_20,5,50,23.4153,404511.0075,22.9227,636.0118,0.8245,21.6201,418286.1968,21.2483,560
2026-01-28T04:38:23.548874,Attention,robustvision,Participant_20,5,51,21.8988,393619.3917,21.4067,627.3909,0.8278,20.7363,399219.3042,20.365,560
2026-01-28T04:38:42.904374,Attention,robustvision,Participant_20,5,52,27.5341,548143.8521,27.0393,740.3674,0.7571,20.9233,391347.5009,20.5519,560
2026-01-28T04:39:01.466885,Attention,robustvision,Participant_20,5,53,21.4116,334543.9408,20.9195,578.3977,0.8445,20.0591,362319.9221,19.6876,560
2026-01-28T04:39:20.503241,Attention,robustvision,Participant_20,5,54,20.479,267325.2536,19.9832,517.0351,0.8792,18.675,319929.3425,18.3039,560
2026-01-28T04:39:40.760563,Attention,robustvision,Participant_20,5,55,28.4147,510858.2031,27.9172,714.7435,0.7653,17.8447,298586.0002,17.4738,560
2026-01-28T04:40:00.723908,Attention,robustvision,Participant_20,5,56,36.6271,791742.577,36.1343,889.7992,0.6513,18.9143,337691.3802,18.5434,560
2026-01-28T04:40:21.024784,Attention,robustvision,Participant_20,5,57,21.7333,348387.4925,21.2438,590.2436,0.8448,19.4076,353358.6657,19.0368,560
2026-01-28T04:40:41.940435,Attention,robustvision,Participant_20,5,58,21.8584,311432.3186,21.3635,558.0612,0.862,17.736,302006.5316,17.3654,560
2026-01-28T04:41:02.239514,Attention,robustvision,Participant_20,5,59,24.9559,397690.8571,24.459,630.6274,0.8237,18.1814,314663.2241,17.8108,560
2026-01-28T04:41:21.851582,Attention,robustvision,Participant_20,5,60,20.5513,321069.5067,20.0583,566.63,0.8606,18.6659,323989.6413,18.2947,560
2026-01-28T04:41:42.281636,Attention,robustvision,Participant_20,5,61,20.5478,328355.9978,20.0531,573.0236,0.8565,20.7126,376868.352,20.3411,560
2026-01-28T04:42:01.380352,Attention,robustvision,Participant_20,5,62,23.0156,345448.716,22.5193,587.7489,0.8427,18.3663,310118.4391,17.9953,560
2026-01-28T04:42:20.015693,Attention,robustvision,Participant_20,5,63,21.7554,346218.9436,21.2635,588.4037,0.8447,17.074,275168.5337,16.7032,560
2026-01-28T04:42:39.289212,Attention,robustvision,Participant_20,5,64,30.8358,578284.5636,30.3389,760.4502,0.7408,18.8887,327376.0338,18.5176,560
2026-01-28T04:42:58.392955,Attention,robustvision,Participant_20,5,65,17.3447,229389.1928,16.8532,478.9459,0.8999,18.9161,332015.4597,18.5449,560
2026-01-28T04:43:18.505101,Attention,robustvision,Participant_20,5,66,21.0699,317362.6713,20.5755,563.3495,0.8499,17.6871,300439.9172,17.3159,560
2026-01-28T04:43:38.082499,Attention,robustvision,Participant_20,5,67,26.4573,415847.2991,25.9588,644.8622,0.8088,17.8784,301290.458,17.5075,560
2026-01-28T04:43:57.658651,Attention,robustvision,Participant_20,5,68,28.0838,496190.0209,27.5861,704.4076,0.779,17.0814,272603.6384,16.7109,560
2026-01-28T04:44:17.556774,Attention,robustvision,Participant_20,5,69,28.6889,455265.6016,28.1913,674.7337,0.7901,17.3197,281315.7826,16.9487,560
2026-01-28T04:44:47.128927,Attention,robustvision,Participant_20,5,70,23.9375,399764.1869,23.4425,632.2691,0.8247,18.5616,311072.9727,18.1906,560
2026-01-28T04:45:07.377321,Attention,robustvision,Participant_20,5,71,24.8249,386195.2201,24.3302,621.4461,0.8331,17.3826,286485.9849,17.0123,560
2026-01-28T04:45:28.078135,Attention,robustvision,Participant_20,5,72,18.0585,270887.0335,17.5637,520.4681,0.885,17.2248,274114.5103,16.8542,560
2026-01-28T04:45:48.437146,Attention,robustvision,Participant_20,5,73,42.7184,1003849.615,42.2201,1001.923,0.5591,19.7248,343849.7721,19.3536,560
2026-01-28T04:46:08.334066,Attention,robustvision,Participant_20,5,74,36.3909,868782.3605,35.8926,932.085,0.6063,22.8595,445276.3722,22.4875,560
2026-01-28T04:46:28.638378,Attention,robustvision,Participant_20,5,75,22.2858,322446.4523,21.7901,567.8437,0.8555,22.6782,437069.3985,22.3063,560
2026-01-28T04:46:48.766223,Attention,robustvision,Participant_20,5,76,32.5275,633210.0558,32.0316,795.745,0.7182,20.4513,369295.1846,20.0798,560
2026-01-28T04:47:08.229590,Attention,robustvision,Participant_20,5,77,21.761,315277.5631,21.2679,561.4958,0.8615,20.7314,376499.8527,20.3601,560
2026-01-28T04:47:30.360920,Attention,robustvision,Participant_20,5,78,20.9104,286312.2171,20.4201,535.0815,0.8755,19.2052,340122.0685,18.8342,560
2026-01-28T04:47:50.849915,Attention,robustvision,Participant_20,5,79,22.5492,322985.8052,22.0544,568.3184,0.8575,19.0757,326331.5007,18.7048,560
2026-01-28T04:48:12.591442,Attention,robustvision,Participant_20,5,80,23.0853,347382.5056,22.5909,589.3916,0.8413,18.4033,307173.3974,18.0324,560
2026-01-28T04:48:32.156644,Attention,robustvision,Participant_20,5,81,25.4327,402350.9542,24.9388,634.3114,0.8198,16.4245,254812.6057,16.0541,560
2026-01-28T04:48:52.215745,Attention,robustvision,Participant_20,5,82,24.7871,421780.8066,24.2924,649.4465,0.8162,16.9554,267047.162,16.5848,560
2026-01-28T04:49:12.847496,Attention,robustvision,Participant_20,5,83,22.2965,325063.1253,21.799,570.1431,0.8535,16.3204,252142.7725,15.9499,560
2026-01-28T04:49:32.935034,Attention,robustvision,Participant_20,5,84,16.9423,228756.6911,16.4496,478.2852,0.899,16.6903,260491.4288,16.32,560
2026-01-28T04:49:54.085967,Attention,robustvision,Participant_20,5,85,20.1608,298729.3891,19.6661,546.5614,0.8713,17.5129,284985.8279,17.1421,560
2026-01-28T04:50:13.915834,Attention,robustvision,Participant_20,5,86,19.3203,248824.692,18.8252,498.8233,0.8876,18.1164,304269.1767,17.7454,560
2026-01-28T04:50:35.288863,Attention,robustvision,Participant_20,5,87,21.972,337881.6401,21.4765,581.2759,0.8449,20.0332,360531.3785,19.6619,560
2026-01-28T04:50:56.651729,Attention,robustvision,Participant_20,5,88,19.4589,289720.8488,18.9627,538.2572,0.8691,18.4967,322761.9838,18.1256,560
2026-01-28T04:51:23.066732,Attention,robustvision,Participant_20,5,89,19.0841,268933.481,18.5895,518.588,0.8795,18.3818,304083.5054,18.0108,560
2026-01-28T04:51:43.164900,Attention,robustvision,Participant_20,5,90,31.324,573437.8259,30.8277,757.2568,0.7421,19.8656,359004.8246,19.4943,560
2026-01-28T04:52:03.766994,Attention,robustvision,Participant_20,5,91,22.712,338591.8655,22.2168,581.8865,0.8394,20.7955,384123.3633,20.4239,560
2026-01-28T04:52:24.555791,Attention,robustvision,Participant_20,5,92,20.6513,335058.4322,20.1544,578.8423,0.8554,17.9933,302253.5161,17.6222,560
2026-01-28T04:52:43.149573,Attention,robustvision,Participant_20,5,93,48.554,1288480.269,48.0557,1135.1124,0.4282,20.2392,373181.8197,19.8679,560
2026-01-28T04:53:03.110399,Attention,robustvision,Participant_20,5,94,18.8982,237973.2958,18.4019,487.8251,0.8954,23.3718,477767.7409,23.0,560
2026-01-28T04:53:22.099673,Attention,robustvision,Participant_20,5,95,29.3955,564957.1889,28.8971,751.6363,0.7527,19.9392,359398.5172,19.568,560
2026-01-28T04:53:41.723393,Attention,robustvision,Participant_20,5,96,29.3903,492642.3917,28.8951,701.8849,0.7816,20.9698,396913.5165,20.5985,560
2026-01-28T04:54:01.381780,Attention,robustvision,Participant_20,5,97,26.9237,442452.5647,26.4288,665.1711,0.8034,19.5117,351583.4157,19.1406,560
2026-01-28T04:54:21.011679,Attention,robustvision,Participant_20,5,98,31.6073,579180.7087,31.1074,761.0392,0.7433,18.4184,319413.9471,18.0476,560
2026-01-28T04:54:40.417305,Attention,robustvision,Participant_20,5,99,22.7142,357385.4964,22.2193,597.8173,0.848,17.4816,287866.023,17.1109,560
2026-01-28T04:55:00.694857,Attention,robustvision,Participant_20,5,100,20.4567,292887.4163,19.9623,541.1907,0.8715,17.0628,277717.4769,16.6924,560
2026-01-28T04:55:21.798349,Attention,robustvision,Participant_20,5,101,26.9172,455503.4914,26.4203,674.91,0.7996,17.491,292775.8398,17.1206,560
2026-01-28T04:55:41.834263,Attention,robustvision,Participant_20,5,102,16.1755,192607.2727,15.6813,438.8705,0.9155,16.6269,259565.484,16.2566,560
2026-01-28T04:56:02.610453,Attention,robustvision,Participant_20,5,103,21.2974,317504.8474,20.7998,563.4757,0.866,16.8631,272601.2985,16.4927,560
2026-01-28T04:56:21.473010,Attention,robustvision,Participant_20,5,104,29.7843,570517.7656,29.287,755.3263,0.7537,17.9537,302996.1902,17.5829,560
2026-01-28T04:56:40.551095,Attention,robustvision,Participant_20,5,105,23.1756,354640.5555,22.6815,595.517,0.8456,25.7163,558800.0731,25.3441,560
2026-01-28T04:57:01.029542,Attention,robustvision,Participant_20,5,106,29.5187,561117.0296,29.0228,749.0775,0.7583,22.4503,441145.0632,22.0786,560
2026-01-28T04:57:20.396560,Attention,robustvision,Participant_20,5,107,28.6385,525060.743,28.1441,724.6108,0.7722,20.3035,372961.6523,19.9319,560
2026-01-28T04:57:40.422418,Attention,robustvision,Participant_20,5,108,22.6915,308825.8412,22.1945,555.721,0.8608,18.4621,322207.0807,18.0911,560
2026-01-28T04:58:01.210666,Attention,robustvision,Participant_20,5,109,24.1015,379434.9607,23.6034,615.9829,0.8301,18.0041,305895.6061,17.6332,560
2026-01-28T04:58:21.544229,Attention,robustvision,Participant_20,5,110,24.7025,482584.5725,24.2076,694.6831,0.7974,20.2623,374983.9488,19.8911,560
2026-01-28T04:58:44.601095,Attention,robustvision,Participant_20,5,111,25.4395,408507.7277,24.9421,639.1461,0.8219,18.2192,323638.2731,17.8482,560
2026-01-28T04:59:07.178018,Attention,robustvision,Participant_20,5,112,28.226,501251.3516,27.7284,707.9911,0.7783,19.7329,363454.3668,19.3617,560
2026-01-28T04:59:29.352990,Attention,robustvision,Participant_20,5,113,19.2591,276727.2196,18.7679,526.0487,0.8777,19.7596,356400.4814,19.3887,560
2026-01-28T04:59:50.931336,Attention,robustvision,Participant_20,5,114,30.371,551807.9699,29.8745,742.8378,0.7555,18.2467,318121.3878,17.8763,560
2026-01-28T05:00:11.808164,Attention,robustvision,Participant_20,5,115,25.2768,432976.24,24.785,658.0093,0.812,18.4232,318553.75,18.0524,560
2026-01-28T05:00:31.457961,Attention,robustvision,Participant_20,5,116,20.3223,277492.7316,19.829,526.7758,0.8795,18.1654,310314.4846,17.7947,560
2026-01-28T05:00:50.841592,Attention,robustvision,Participant_20,5,117,21.3212,344574.6044,20.8275,587.0048,0.8488,16.5293,264149.1641,16.159,560
2026-01-28T05:01:09.472600,Attention,robustvision,Participant_20,5,118,21.1948,311697.5184,20.7017,558.2988,0.8588,19.9568,360493.1201,19.5853,560
2026-01-28T05:01:31.976979,Attention,robustvision,Participant_20,5,119,21.3738,334980.0845,20.8858,578.7746,0.8507,19.3044,340713.9766,18.9334,560
2026-01-28T05:02:00.440970,Attention,robustvision,Participant_20,5,120,20.2911,281629.5195,19.7964,530.6878,0.8733,21.2292,403219.9636,20.8575,560
2026-01-28T05:02:21.713182,Attention,robustvision,Participant_20,5,121,21.6404,328652.0938,21.1451,573.2819,0.8567,18.296,315713.8323,17.9254,560
2026-01-28T05:02:42.054019,Attention,robustvision,Participant_20,5,122,22.3879,375232.4515,21.8919,612.5622,0.833,17.1374,280532.5666,16.767,560
2026-01-28T05:03:01.861161,Attention,robustvision,Participant_20,5,123,20.6186,306796.2958,20.123,553.892,0.8706,20.2612,374139.5245,19.89,560
2026-01-28T05:03:21.682430,Attention,robustvision,Participant_20,5,124,31.8945,739514.9961,31.3966,859.9506,0.6813,18.924,334523.5398,18.5529,560
2026-01-28T05:03:43.858359,Attention,robustvision,Participant_20,5,125,30.8303,559305.928,30.3345,747.8676,0.7459,19.1876,336133.1348,18.8167,560
2026-01-28T05:04:04.666160,Attention,robustvision,Participant_20,5,126,28.0431,531289.4849,27.547,728.8961,0.7697,22.8338,460057.2446,22.4621,560
2026-01-28T05:04:24.745389,Attention,robustvision,Participant_20,5,127,29.2233,611634.8064,28.7261,782.0708,0.7255,20.1842,373086.5084,19.8128,560
2026-01-28T05:04:44.581821,Attention,robustvision,Participant_20,5,128,26.1624,448640.2121,25.6649,669.8061,0.7944,17.9699,312963.4417,17.5992,560
2026-01-28T05:05:04.647126,Attention,robustvision,Participant_20,5,129,24.6935,435148.8287,24.2012,659.6581,0.8138,18.8826,336739.071,18.5118,560
2026-01-28T05:05:23.671210,Attention,robustvision,Participant_20,5,130,20.9178,418257.2447,20.4293,646.7281,0.8207,18.1084,316423.369,17.7378,560
2026-01-28T05:05:43.409065,Attention,robustvision,Participant_20,5,131,25.9772,502208.1496,25.4842,708.6665,0.7739,18.833,334335.72,18.462,560
2026-01-28T05:06:02.902236,Attention,robustvision,Participant_20,5,132,26.0603,536501.3772,25.5658,732.4625,0.7584,18.8989,326859.127,18.5278,560
2026-01-28T05:06:23.565265,Attention,robustvision,Participant_20,5,133,24.1482,380246.3744,23.6551,616.6412,0.8295,17.6148,293952.2955,17.2441,560
2026-01-28T05:06:43.957433,Attention,robustvision,Participant_20,5,134,30.152,584372.9124,29.6574,764.4429,0.7493,18.9025,336719.9316,18.5318,560
2026-01-28T05:07:04.849560,Attention,robustvision,Participant_20,5,135,27.4642,487174.216,26.9672,697.9787,0.7876,20.8651,390781.9135,20.4938,560
2026-01-28T05:07:25.217279,Attention,robustvision,Participant_20,5,136,20.6804,308668.3223,20.1882,555.5793,0.8663,18.4073,325673.0651,18.0366,560
2026-01-28T05:07:45.733566,Attention,robustvision,Participant_20,5,137,21.5627,314413.8181,21.072,560.7262,0.8587,18.974,332619.1004,18.6032,560
2026-01-28T05:08:07.963288,Attention,robustvision,Participant_20,5,138,20.4322,290402.8468,19.9379,538.8904,0.8681,18.7159,318001.1474,18.345,560
2026-01-28T05:08:28.241773,Attention,robustvision,Participant_20,5,139,37.468,787944.6819,36.9716,887.6625,0.6435,17.1478,285177.8254,16.7772,560
2026-01-28T05:08:50.298149,Attention,robustvision,Participant_20,5,140,16.276,222973.1758,15.7831,472.2004,0.9002,18.295,312986.2329,17.9242,560
2026-01-28T05:09:11.025954,Attention,robustvision,Participant_20,5,141,16.5646,199220.9537,16.0733,446.3417,0.9097,17.7233,295801.0068,17.3526,560
2026-01-28T05:09:31.484610,Attention,robustvision,Participant_20,5,142,17.5378,184488.7737,17.044,429.5216,0.9168,17.6049,291854.4725,17.2342,560
2026-01-28T05:09:57.116059,Attention,robustvision,Participant_20,5,143,34.5201,736063.7667,34.0285,857.9416,0.6808,18.7753,331536.841,18.4043,560
2026-01-28T05:10:17.915703,Attention,robustvision,Participant_20,5,144,22.1014,323744.0145,21.6045,568.9851,0.8563,17.9769,309581.2541,17.6063,560
2026-01-28T05:10:38.775347,Attention,robustvision,Participant_20,5,145,19.5817,270487.9593,19.0874,520.0846,0.879,17.5519,295171.69,17.1815,560
2026-01-28T05:10:59.876261,Attention,robustvision,Participant_20,5,146,21.8411,319967.2098,21.3449,565.6564,0.8565,17.8816,299859.5628,17.5106,560
2026-01-28T05:11:21.142842,Attention,robustvision,Participant_20,5,147,28.0445,587525.3873,27.5476,766.502,0.7534,22.3179,446928.6098,21.9463,560
2026-01-28T05:11:41.781652,Attention,robustvision,Participant_20,5,148,29.7203,548731.4916,29.223,740.7641,0.7609,22.0201,431288.8545,21.6485,560
2026-01-28T05:12:03.265641,Attention,robustvision,Participant_20,5,149,30.624,537030.1998,30.1258,732.8234,0.7609,19.7161,348943.915,19.345,560
2026-01-28T05:12:22.629089,Attention,robustvision,Participant_20,5,150,21.0786,358827.5022,20.5844,599.0221,0.8463,19.3893,344303.5664,19.018,560
2026-01-28T05:12:41.550025,Attention,robustvision,Participant_20,5,151,22.7639,358189.303,22.2714,598.4892,0.8354,17.5687,290606.8954,17.1981,560
2026-01-28T05:13:01.283568,Attention,robustvision,Participant_20,5,152,29.1104,651087.1975,28.6151,806.8997,0.7165,17.9721,302640.1916,17.6013,560
2026-01-28T05:13:21.103425,Attention,robustvision,Participant_20,5,153,27.3759,506321.3125,26.8799,711.5626,0.778,19.4287,346932.391,19.0573,560
2026-01-28T05:13:40.280901,Attention,robustvision,Participant_20,5,154,25.3574,453361.4794,24.8629,673.3212,0.8039,20.1798,362928.7624,19.8085,560
2026-01-28T05:14:00.249353,Attention,robustvision,Participant_20,5,155,27.5206,497539.6657,27.0278,705.3649,0.775,21.7414,426656.9607,21.3698,560
2026-01-28T05:14:19.982694,Attention,robustvision,Participant_20,5,156,25.3899,493058.9464,24.8949,702.1816,0.7868,19.23,352739.5508,18.8592,560
2026-01-28T05:14:39.776855,Attention,robustvision,Participant_20,5,157,43.2902,1066389.3136,42.7943,1032.6613,0.525,24.7019,550326.6307,24.3301,560
2026-01-28T05:14:59.451109,Attention,robustvision,Participant_20,5,158,44.8216,1114444.4821,44.3233,1055.6725,0.4994,26.0029,591697.448,25.6305,560
2026-01-28T05:15:20.455024,Attention,robustvision,Participant_20,5,159,24.2864,427364.1367,23.7904,653.7309,0.8077,23.754,487460.0283,23.3823,560
2026-01-28T05:15:42.012497,Attention,robustvision,Participant_20,5,160,29.0747,563784.5212,28.5787,750.8559,0.7388,19.8324,365017.8191,19.4614,560
2026-01-28T05:16:02.854242,Attention,robustvision,Participant_20,5,161,33.6879,675087.8337,33.1904,821.6373,0.7045,18.7299,332016.7571,18.359,560
2026-01-28T05:16:22.832181,Attention,robustvision,Participant_20,5,162,26.023,468893.142,25.531,684.7577,0.7947,18.2639,321012.3963,17.893,560
2026-01-28T05:16:42.658529,Attention,robustvision,Participant_20,5,163,27.6612,525673.0525,27.1615,725.0331,0.7688,20.1927,374198.1126,19.8212,560
2026-01-28T05:17:03.678107,Attention,robustvision,Participant_20,5,164,22.7929,341670.9632,22.295,584.5263,0.8452,21.703,413729.3032,21.331,560
2026-01-28T05:17:23.840613,Attention,robustvision,Participant_20,5,165,21.155,307835.7377,20.6599,554.8295,0.865,20.6942,384738.624,20.3229,560
2026-01-28T05:17:43.040742,Attention,robustvision,Participant_20,5,166,23.1411,325372.8867,22.6456,570.4147,0.854,19.0982,339357.8309,18.7268,560
2026-01-28T05:18:02.776544,Attention,robustvision,Participant_20,5,167,23.6794,370376.8504,23.1858,608.5859,0.835,19.3729,343898.548,19.002,560
2026-01-28T05:18:23.061511,Attention,robustvision,Participant_20,5,168,17.8246,223559.3803,17.3334,472.8207,0.9021,19.157,336856.2496,18.7858,560
2026-01-28T05:18:42.702623,Attention,robustvision,Participant_20,5,169,24.7588,403859.341,24.2661,635.4993,0.8227,17.3681,284691.9088,16.9973,560
2026-01-28T05:19:02.972259,Attention,robustvision,Participant_20,5,170,27.6386,421815.0762,27.1405,649.4729,0.8082,17.2314,288886.3211,16.8611,560
2026-01-28T05:19:22.656392,Attention,robustvision,Participant_20,5,171,15.3797,162768.0658,14.8874,403.4452,0.9238,22.1903,435123.7795,21.8187,560
2026-01-28T05:19:42.444520,Attention,robustvision,Participant_20,5,172,18.2263,240423.3047,17.7367,490.3298,0.8927,18.207,297844.1317,17.836,560
2026-01-28T05:20:02.705747,Attention,robustvision,Participant_20,5,173,29.6548,557105.1345,29.1569,746.3948,0.7538,17.1317,271834.3025,16.7613,560
2026-01-28T05:20:22.325411,Attention,robustvision,Participant_20,5,174,27.1644,464179.9648,26.6703,681.3075,0.7927,19.3264,340709.4004,18.9554,560
2026-01-28T05:20:42.030323,Attention,robustvision,Participant_20,5,175,22.1309,321731.721,21.6368,567.214,0.8453,19.1153,333927.0478,18.7444,560
2026-01-28T05:21:01.526224,Attention,robustvision,Participant_20,5,176,27.7968,522722.3795,27.3018,722.9954,0.7594,18.0314,303240.2907,17.6602,560
2026-01-28T05:21:21.104263,Attention,robustvision,Participant_20,5,177,20.1449,262534.4626,19.648,512.3812,0.8846,18.5748,312762.3344,18.2039,560
2026-01-28T05:21:40.824587,Attention,robustvision,Participant_20,5,178,35.063,782639.5452,34.5652,884.6692,0.6581,19.7832,354351.459,19.4116,560
2026-01-28T05:22:00.090496,Attention,robustvision,Participant_20,5,179,20.5423,302018.0968,20.0482,549.5617,0.8672,19.3742,338889.7257,19.0026,560
2026-01-28T05:22:20.100446,Attention,robustvision,Participant_20,5,180,19.9381,279873.103,19.4462,529.0303,0.8764,19.4579,338769.4487,19.0862,560
2026-01-28T05:22:39.900295,Attention,robustvision,Participant_20,5,181,19.9012,289516.4681,19.4087,538.0673,0.8776,18.1982,301456.865,17.8274,560
2026-01-28T05:23:02.373799,Attention,robustvision,Participant_20,5,182,21.3215,323843.4007,20.8298,569.0724,0.8548,16.1972,252251.0655,15.8268,560
2026-01-28T05:23:21.999191,Attention,robustvision,Participant_20,5,183,29.8681,538190.2137,29.3724,733.6145,0.7577,24.8383,541169.2969,24.4662,560
2026-01-28T05:23:42.386884,Attention,robustvision,Participant_20,5,184,26.2688,476501.5126,25.7728,690.2909,0.7933,21.218,405232.5759,20.8468,560
2026-01-28T05:24:03.862989,Attention,robustvision,Participant_20,5,185,24.8386,420108.8248,24.3448,648.158,0.819,20.4425,373847.7296,20.0712,560
2026-01-28T05:24:24.484786,Attention,robustvision,Participant_20,5,186,28.0163,559746.9554,27.5196,748.1624,0.7516,21.2544,397881.7374,20.8831,560
2026-01-28T05:24:44.686732,Attention,robustvision,Participant_20,5,187,38.7088,791461.481,38.211,889.6412,0.6484,20.5827,378109.7924,20.2114,560
2026-01-28T05:25:16.620350,Attention,robustvision,Participant_11,6,0,29.3396,729814.1382,28.843,854.2916,0.6962,29.2031,709329.6413,28.8304,4305
2026-01-28T05:25:36.319046,Attention,robustvision,Participant_11,6,1,26.7244,596224.9166,26.23,772.156,0.7499,20.7857,379354.6966,20.4139,4305
2026-01-28T05:25:55.339825,Attention,robustvision,Participant_11,6,2,26.9043,675331.1795,26.4105,821.7854,0.7182,19.3744,346671.3342,19.003,4305
2026-01-28T05:26:14.811374,Attention,robustvision,Participant_11,6,3,27.7518,735962.0335,27.259,857.8823,0.6908,17.4585,288853.148,17.088,4305
2026-01-28T05:26:33.987456,Attention,robustvision,Participant_11,6,4,25.3705,582680.8681,24.8753,763.3354,0.7563,20.061,361243.1001,19.6895,4305
2026-01-28T05:26:52.736793,Attention,robustvision,Participant_11,6,5,24.6341,604909.5275,24.1399,777.7593,0.7483,19.0389,336735.0637,18.6679,4305
2026-01-28T05:27:12.246863,Attention,robustvision,Participant_11,6,6,26.8048,651989.2288,26.3125,807.4585,0.7262,16.6328,271643.601,16.2628,4305
2026-01-28T05:27:31.930748,Attention,robustvision,Participant_11,6,7,26.1547,594207.9203,25.6605,770.8488,0.7523,16.2389,262662.7399,15.8693,4305
2026-01-28T05:27:51.423489,Attention,robustvision,Participant_11,6,8,28.8777,636017.2618,28.3821,797.5069,0.7348,19.4821,354069.2217,19.1105,4305
2026-01-28T05:28:11.187001,Attention,robustvision,Participant_11,6,9,32.4199,813993.5087,31.9223,902.2159,0.6589,17.9106,313237.6068,17.5398,4305
2026-01-28T05:28:31.153553,Attention,robustvision,Participant_11,6,10,32.8665,859393.8258,32.3716,927.035,0.6423,15.6763,238726.8503,15.3066,4305
2026-01-28T05:28:50.824201,Attention,robustvision,Participant_11,6,11,32.5061,833971.2144,32.0098,913.2202,0.6528,16.0114,240677.7947,15.6411,4305
2026-01-28T05:29:10.362666,Attention,robustvision,Participant_11,6,12,30.1671,747002.1696,29.6718,864.2929,0.689,15.7096,231234.0739,15.3391,4305
2026-01-28T05:29:30.028349,Attention,robustvision,Participant_11,6,13,25.8687,550925.887,25.3741,742.2438,0.7694,15.7705,232715.1824,15.4001,4305
2026-01-28T05:29:48.826814,Attention,robustvision,Participant_11,6,14,27.9111,642072.0641,27.4153,801.294,0.7312,14.8046,215087.6379,14.4347,4305
2026-01-28T05:30:08.248286,Attention,robustvision,Participant_11,6,15,26.1557,544558.4557,25.6607,737.942,0.7722,15.9343,239856.692,15.564,4305
2026-01-28T05:30:28.775675,Attention,robustvision,Participant_11,6,16,28.6745,690438.7585,28.1798,830.9264,0.7121,17.9529,289438.9837,17.582,4305
2026-01-28T05:30:49.626929,Attention,robustvision,Participant_11,6,17,28.6302,657705.9833,28.1343,810.9907,0.7242,17.0169,272621.37,16.6459,4305
2026-01-28T05:31:11.049079,Attention,robustvision,Participant_11,6,18,30.3531,785544.3928,29.8587,886.3094,0.6713,16.0705,246550.4949,15.7001,4305
2026-01-28T05:31:31.917052,Attention,robustvision,Participant_11,6,19,34.5514,940586.3649,34.0541,969.8383,0.607,15.8613,249908.3998,15.4908,4305
2026-01-28T05:31:53.355661,Attention,robustvision,Participant_11,6,20,36.0655,1063055.8738,35.5692,1031.046,0.5564,16.1785,251665.6539,15.8081,4305
2026-01-28T05:32:14.978731,Attention,robustvision,Participant_11,6,21,37.8008,1133716.2696,37.3039,1064.7611,0.5268,16.6804,268230.8771,16.3101,4305
2026-01-28T05:32:35.061779,Attention,robustvision,Participant_11,6,22,33.4953,863263.7791,32.9996,929.1199,0.6407,16.7655,274384.9938,16.3951,4305
2026-01-28T05:32:54.701621,Attention,robustvision,Participant_11,6,23,31.3844,791167.6048,30.8896,889.476,0.6688,15.5298,235752.6139,15.1597,4305
2026-01-28T05:33:13.384546,Attention,robustvision,Participant_11,6,24,35.6144,1112471.5357,35.1201,1054.7377,0.5352,14.9742,217312.2225,14.6043,4305
2026-01-28T05:33:31.386705,Attention,robustvision,Participant_11,6,25,30.8002,766548.1232,30.3053,875.5273,0.6794,16.4525,257973.9247,16.082,4305
2026-01-28T05:33:50.463598,Attention,robustvision,Participant_11,6,26,24.2969,513777.8564,23.802,716.783,0.7854,15.477,231954.5597,15.1069,4305
2026-01-28T05:34:08.129719,Attention,robustvision,Participant_11,6,27,27.3959,631282.3363,26.9021,794.5328,0.7363,14.8151,211703.0663,14.445,4305
2026-01-28T05:34:26.758850,Attention,robustvision,Participant_11,6,28,28.9476,686930.014,28.4509,828.8124,0.7144,16.0877,237822.0512,15.7171,4305
2026-01-28T05:34:45.470579,Attention,robustvision,Participant_11,6,29,29.7264,786129.1265,29.2331,886.6392,0.6721,15.1866,220812.1756,14.8168,4305
2026-01-28T05:35:04.541901,Attention,robustvision,Participant_11,6,30,27.4043,625420.2845,26.9093,790.8352,0.7374,15.1232,223747.7507,14.7533,4305
2026-01-28T05:35:23.008369,Attention,robustvision,Participant_11,6,31,26.7487,582619.2774,26.2549,763.295,0.7556,15.3676,229213.414,14.9978,4305
2026-01-28T05:35:41.317556,Attention,robustvision,Participant_11,6,32,26.6468,599674.5801,26.1535,774.3866,0.7497,17.3466,269210.0325,16.9757,4305
2026-01-28T05:36:00.663249,Attention,robustvision,Participant_11,6,33,27.7768,698744.2538,27.2825,835.9092,0.7085,15.1326,227808.0595,14.7628,4305
2026-01-28T05:36:19.200029,Attention,robustvision,Participant_11,6,34,25.9394,527872.6326,25.4455,726.5484,0.7784,15.3802,222948.8061,15.01,4305
2026-01-28T05:36:37.597384,Attention,robustvision,Participant_11,6,35,24.4863,537853.346,23.9912,733.3849,0.775,15.0559,221430.0066,14.6859,4305
2026-01-28T05:36:57.594955,Attention,robustvision,Participant_11,6,36,24.5396,552487.7646,24.0457,743.2952,0.7689,13.7941,198528.2286,13.4248,4305
2026-01-28T05:37:17.405521,Attention,robustvision,Participant_11,6,37,27.0709,624608.137,26.5766,790.3215,0.739,16.0779,246233.3847,15.708,4305
2026-01-28T05:37:36.735752,Attention,robustvision,Participant_11,6,38,34.3748,969309.1514,33.8791,984.535,0.5942,15.3103,230875.7877,14.9404,4305
2026-01-28T05:37:56.594732,Attention,robustvision,Participant_11,6,39,36.0512,992222.4263,35.5558,996.1036,0.5852,15.2457,225752.7335,14.876,4305
2026-01-28T05:38:17.446637,Attention,robustvision,Participant_11,6,40,34.1717,888375.4974,33.6758,942.5367,0.6281,15.9528,248367.9651,15.5828,4305
2026-01-28T05:38:38.129894,Attention,robustvision,Participant_11,6,41,30.5244,748639.7707,30.0285,865.2397,0.6886,14.0546,192471.7146,13.6852,4305
2026-01-28T05:38:59.480743,Attention,robustvision,Participant_11,6,42,32.082,796627.065,31.5845,892.5397,0.6668,12.9772,169034.0653,12.6083,4305
2026-01-28T05:39:20.352165,Attention,robustvision,Participant_11,6,43,30.5384,764524.8774,30.0425,874.3711,0.6814,14.0397,193515.8348,13.6703,4305
2026-01-28T05:39:40.275371,Attention,robustvision,Participant_11,6,44,29.4456,721696.277,28.9502,849.5271,0.6976,19.2286,331276.6125,18.8574,4305
2026-01-28T05:40:00.087275,Attention,robustvision,Participant_11,6,45,31.0591,736316.2879,30.5624,858.0887,0.6936,17.2575,273653.9013,16.887,4305
2026-01-28T05:40:20.655637,Attention,robustvision,Participant_11,6,46,27.1697,619049.4915,26.6774,786.797,0.7417,15.5749,236210.5766,15.2048,4305
2026-01-28T05:40:40.113716,Attention,robustvision,Participant_11,6,47,29.5117,727490.775,29.018,852.9307,0.6965,14.8577,217412.4194,14.4876,4305
2026-01-28T05:40:59.331254,Attention,robustvision,Participant_11,6,48,28.9085,746214.7392,28.4147,863.8372,0.69,14.4127,208518.8345,14.0435,4305
2026-01-28T05:41:18.163931,Attention,robustvision,Participant_11,6,49,29.1779,692344.7105,28.6828,832.0725,0.712,14.0718,195070.162,13.7022,4305
2026-01-28T05:41:36.398185,Attention,robustvision,Participant_11,6,50,29.275,645550.6912,28.7787,803.4617,0.7286,13.5391,182492.1312,13.17,4305
2026-01-28T05:41:54.815368,Attention,robustvision,Participant_11,6,51,30.571,750852.1518,30.0767,866.5173,0.6861,14.1768,198743.1531,13.8071,4305
2026-01-28T05:42:13.650425,Attention,robustvision,Participant_11,6,52,31.2959,757428.4596,30.7997,870.3037,0.6846,13.8056,188310.9044,13.4358,4305
2026-01-28T05:42:31.992970,Attention,robustvision,Participant_11,6,53,32.9998,867455.78,32.5045,931.3731,0.6376,14.7548,208871.1109,14.3851,4305
2026-01-28T05:42:51.035848,Attention,robustvision,Participant_11,6,54,28.6325,597382.5363,28.135,772.9053,0.7496,13.9488,189111.566,13.5794,4305
2026-01-28T05:43:09.355134,Attention,robustvision,Participant_11,6,55,31.6763,741963.899,31.1793,861.3733,0.6888,14.6427,209947.7889,14.2729,4305
2026-01-28T05:43:28.642094,Attention,robustvision,Participant_11,6,56,34.7038,910345.2825,34.207,954.1202,0.6206,14.8706,212585.0662,14.5003,4305
2026-01-28T05:43:47.367949,Attention,robustvision,Participant_11,6,57,28.8234,656326.3893,28.3262,810.1397,0.7263,15.2488,222110.4798,14.8785,4305
2026-01-28T05:44:07.435553,Attention,robustvision,Participant_11,6,58,29.9972,707336.2229,29.5002,841.0328,0.7051,15.1558,216011.1234,14.7855,4305
2026-01-28T05:44:26.318871,Attention,robustvision,Participant_11,6,59,27.1859,570494.4142,26.69,755.3108,0.7607,16.9851,263358.0566,16.6145,4305
2026-01-28T05:44:45.856015,Attention,robustvision,Participant_11,6,60,31.6129,796401.7806,31.1165,892.4135,0.6659,16.2071,239883.8374,15.8364,4305
2026-01-28T05:45:05.628542,Attention,robustvision,Participant_11,6,61,28.7968,649364.9601,28.2997,805.8318,0.7295,15.7274,234821.9569,15.3573,4305
2026-01-28T05:45:24.799945,Attention,robustvision,Participant_11,6,62,31.0381,815043.734,30.5417,902.7977,0.6574,16.5776,261955.5507,16.2069,4305
2026-01-28T05:45:43.773602,Attention,robustvision,Participant_11,6,63,28.0847,687453.0459,27.589,829.1279,0.7129,17.5113,287585.1057,17.1406,4305
2026-01-28T05:46:04.238849,Attention,robustvision,Participant_11,6,64,28.1798,729103.1307,27.6861,853.8754,0.696,15.1556,226060.5437,14.7853,4305
2026-01-28T05:46:24.279597,Attention,robustvision,Participant_11,6,65,26.7801,596275.7462,26.2838,772.1889,0.7523,16.0444,249519.1692,15.6744,4305
2026-01-28T05:46:43.580513,Attention,robustvision,Participant_11,6,66,39.6414,1248177.1859,39.1455,1117.2185,0.4802,18.3563,304763.7657,17.9854,4305
2026-01-28T05:47:05.215973,Attention,robustvision,Participant_11,6,67,28.7398,623497.3816,28.244,789.6185,0.7378,19.7439,332194.0069,19.3726,4305
2026-01-28T05:47:25.176915,Attention,robustvision,Participant_11,6,68,25.925,560180.8703,25.431,748.4523,0.7657,16.5144,249111.5409,16.1442,4305
2026-01-28T05:47:45.896170,Attention,robustvision,Participant_11,6,69,33.6048,757576.5702,33.1075,870.3887,0.683,16.2859,235878.4268,15.9154,4305
2026-01-28T05:48:05.601864,Attention,robustvision,Participant_11,6,70,31.92,776612.6629,31.4242,881.2563,0.6775,14.8516,208074.7047,14.4816,4305
2026-01-28T05:48:25.011173,Attention,robustvision,Participant_11,6,71,28.9042,665806.9055,28.4086,815.9699,0.7212,14.0594,186888.1126,13.6898,4305
2026-01-28T05:48:44.717672,Attention,robustvision,Participant_11,6,72,36.1377,962117.9567,35.6413,980.8761,0.5991,17.419,298805.252,17.0483,4305
2026-01-28T05:49:04.486273,Attention,robustvision,Participant_11,6,73,34.2723,846307.6744,33.7758,919.9498,0.6479,23.3585,456060.1491,22.9865,4305
2026-01-28T05:49:23.830851,Attention,robustvision,Participant_11,6,74,24.3501,480443.7745,23.854,693.1405,0.7998,19.229,327186.0262,18.8579,4305
2026-01-28T05:49:43.033613,Attention,robustvision,Participant_11,6,75,28.2245,627709.1173,27.7287,792.281,0.7375,23.8503,495144.2299,23.4782,4305
2026-01-28T05:50:02.740140,Attention,robustvision,Participant_11,6,76,31.2054,781785.6218,30.7101,884.1864,0.6748,24.0367,490955.9637,23.6647,4305
2026-01-28T05:50:22.038320,Attention,robustvision,Participant_11,6,77,23.7546,467265.9088,23.2597,683.5685,0.805,20.5131,371291.2875,20.1416,4305
2026-01-28T05:50:41.358881,Attention,robustvision,Participant_11,6,78,26.3556,568385.8926,25.8614,753.9137,0.7632,19.4118,338572.9932,19.0404,4305
2026-01-28T05:51:00.850014,Attention,robustvision,Participant_11,6,79,26.1805,564650.5352,25.6851,751.4323,0.7637,19.2411,322935.7389,18.8698,4305
2026-01-28T05:51:20.623825,Attention,robustvision,Participant_11,6,80,30.1566,700992.6956,29.6609,837.2531,0.7057,19.1779,317097.2522,18.8066,4305
2026-01-28T05:51:39.885374,Attention,robustvision,Participant_11,6,81,24.1266,493991.7005,23.6333,702.8454,0.793,19.1535,329299.9675,18.7824,4305
2026-01-28T05:51:59.256181,Attention,robustvision,Participant_11,6,82,23.2234,459122.2135,22.7287,677.5856,0.8083,17.873,294031.9758,17.5018,4305
2026-01-28T05:52:19.279137,Attention,robustvision,Participant_11,6,83,27.1083,602644.3712,26.6135,776.3017,0.7485,22.5184,432182.6245,22.1465,4305
2026-01-28T05:52:38.397082,Attention,robustvision,Participant_11,6,84,30.3637,715380.9094,29.8663,845.8019,0.7008,18.6766,313758.0863,18.3054,4305
2026-01-28T05:52:57.856614,Attention,robustvision,Participant_11,6,85,29.8297,745778.922,29.336,863.5849,0.6888,18.13,302624.2189,17.7592,4305
2026-01-28T05:53:18.300749,Attention,robustvision,Participant_11,6,86,28.6728,676096.378,28.1769,822.2508,0.7172,16.4359,266126.1852,16.0655,4305
2026-01-28T05:53:37.892685,Attention,robustvision,Participant_11,6,87,28.1827,684450.5875,27.6876,827.3153,0.714,16.1655,255156.0091,15.7946,4305
2026-01-28T05:53:59.243806,Attention,robustvision,Participant_11,6,88,26.8392,614057.8638,26.344,783.6184,0.7434,15.9019,247768.3489,15.5321,4305
2026-01-28T05:54:19.486118,Attention,robustvision,Participant_11,6,89,27.6846,605445.5571,27.1886,778.1038,0.7479,15.8885,253475.8348,15.5184,4305
2026-01-28T05:54:40.375033,Attention,robustvision,Participant_11,6,90,29.2719,690633.9584,28.7767,831.0439,0.7105,16.7704,263660.2439,16.4003,4305
2026-01-28T05:55:00.780789,Attention,robustvision,Participant_11,6,91,30.6043,755019.2273,30.1081,868.9184,0.6848,17.8091,300954.1026,17.438,4305
2026-01-28T05:55:22.579007,Attention,robustvision,Participant_11,6,92,30.3777,678506.8853,29.8821,823.7153,0.7168,22.8127,448695.244,22.4409,4305
2026-01-28T05:55:42.280530,Attention,robustvision,Participant_11,6,93,26.1827,623603.7195,25.6899,789.6858,0.7406,17.7165,293869.9005,17.3458,4305
2026-01-28T05:56:01.224250,Attention,robustvision,Participant_11,6,94,28.5585,660114.0568,28.0636,812.474,0.7239,17.7446,292059.4446,17.3738,4305
2026-01-28T05:56:20.300723,Attention,robustvision,Participant_11,6,95,23.6895,491987.9303,23.1961,701.4185,0.795,17.3649,283601.4896,16.9948,4305
2026-01-28T05:56:39.390142,Attention,robustvision,Participant_11,6,96,27.3661,620559.4527,26.8723,787.756,0.7421,16.8806,264652.686,16.5104,4305
2026-01-28T05:56:58.180319,Attention,robustvision,Participant_11,6,97,26.355,613531.4412,25.861,783.2825,0.7434,16.9128,271769.1424,16.5424,4305
2026-01-28T05:57:18.083803,Attention,robustvision,Participant_11,6,98,25.0417,563579.2597,24.548,750.7192,0.762,17.6272,287136.4681,17.2566,4305
2026-01-28T05:57:37.478670,Attention,robustvision,Participant_11,6,99,26.1327,587355.0583,25.6388,766.3909,0.7559,15.9839,235159.1035,15.6131,4305
2026-01-28T05:57:57.178476,Attention,robustvision,Participant_11,6,100,30.9496,731453.3238,30.4527,855.2504,0.6951,15.0024,211190.3998,14.6325,4305
2026-01-28T05:58:17.045651,Attention,robustvision,Participant_11,6,101,28.8391,646847.5559,28.3432,804.2683,0.7304,15.3775,218354.602,15.0074,4305
2026-01-28T05:58:35.594157,Attention,robustvision,Participant_11,6,102,25.9913,595169.6957,25.4972,771.4724,0.7528,14.8507,202427.35,14.4809,4305
2026-01-28T05:58:55.459628,Attention,robustvision,Participant_11,6,103,41.4141,1374926.2018,40.9181,1172.5725,0.4247,17.7561,283386.0575,17.3855,4305
2026-01-28T05:59:15.378576,Attention,robustvision,Participant_11,6,104,27.9755,683380.6019,27.4828,826.6684,0.715,23.2688,462333.6316,22.8969,4305
2026-01-28T05:59:34.706147,Attention,robustvision,Participant_11,6,105,30.1149,781378.9297,29.6199,883.9564,0.6751,18.6437,310986.898,18.2726,4305
2026-01-28T05:59:53.607543,Attention,robustvision,Participant_11,6,106,25.407,534612.886,24.9139,731.1723,0.7771,17.0067,266807.8174,16.636,4305
2026-01-28T06:00:12.795043,Attention,robustvision,Participant_11,6,107,24.9546,525117.916,24.46,724.6502,0.7803,15.5332,236305.3433,15.163,4305
2026-01-28T06:00:31.989571,Attention,robustvision,Participant_11,6,108,26.9821,612146.7524,26.4882,782.3981,0.7438,16.2248,250081.8002,15.8544,4305
2026-01-28T06:00:51.608570,Attention,robustvision,Participant_11,6,109,27.1709,655473.8195,26.6766,809.6134,0.7274,15.0492,226031.5171,14.6796,4305
2026-01-28T06:01:13.341275,Attention,robustvision,Participant_11,6,110,25.3446,553112.8237,24.8497,743.7156,0.7692,14.3694,203986.9776,13.9999,4305
2026-01-28T06:01:32.838909,Attention,robustvision,Participant_11,6,111,23.7782,484093.6314,23.2849,695.7684,0.7983,15.5459,235902.7145,15.176,4305
2026-01-28T06:01:52.900002,Attention,robustvision,Participant_11,6,112,27.7518,629239.2426,27.2571,793.246,0.7381,15.4085,230363.9965,15.0383,4305
2026-01-28T06:02:14.692509,Attention,robustvision,Participant_11,6,113,27.6992,639012.7125,27.2024,799.3827,0.7344,14.8044,206322.6039,14.4346,4305
2026-01-28T06:02:35.065486,Attention,robustvision,Participant_11,6,114,31.3402,777620.3959,30.8437,881.8279,0.6749,14.4011,206586.5281,14.0313,4305
2026-01-28T06:02:53.873398,Attention,robustvision,Participant_11,6,115,31.1671,824183.2045,30.6718,907.8454,0.6554,16.4869,257322.8204,16.1163,4305
2026-01-28T06:03:13.333602,Attention,robustvision,Participant_11,6,116,27.737,677810.7749,27.242,823.2926,0.7141,16.8319,260920.5151,16.4612,4305
2026-01-28T06:03:32.457535,Attention,robustvision,Participant_11,6,117,30.436,791267.7659,29.9411,889.5323,0.6689,14.6392,201308.4738,14.2694,4305
2026-01-28T06:03:52.128991,Attention,robustvision,Participant_11,6,118,31.5024,780733.3261,31.006,883.5912,0.6751,18.6602,317680.3262,18.289,4305
2026-01-28T06:04:11.084410,Attention,robustvision,Participant_11,6,119,30.9675,777077.0015,30.473,881.5197,0.6748,18.4658,311029.5496,18.0948,4305
2026-01-28T06:04:30.085572,Attention,robustvision,Participant_11,6,120,29.7422,743494.4483,29.2478,862.2612,0.6899,18.7666,323814.369,18.3954,4305
2026-01-28T06:04:49.412954,Attention,robustvision,Participant_11,6,121,35.5473,951409.1152,35.0506,975.402,0.6042,18.0553,306747.3432,17.6846,4305
2026-01-28T06:05:09.247249,Attention,robustvision,Participant_11,6,122,32.3675,832216.3229,31.8717,912.2589,0.6532,16.8624,267804.724,16.4919,4305
2026-01-28T06:05:31.166784,Attention,robustvision,Participant_11,6,123,32.9542,902828.5611,32.4583,950.1729,0.6233,15.7255,233812.1686,15.3554,4305
2026-01-28T06:05:51.453770,Attention,robustvision,Participant_11,6,124,30.1036,769758.3763,29.6078,877.3588,0.6767,17.2151,284662.6885,16.8444,4305
2026-01-28T06:06:11.157052,Attention,robustvision,Participant_11,6,125,33.7313,1002653.1101,33.2343,1001.3257,0.5812,16.1682,243925.1172,15.7976,4305
2026-01-28T06:06:31.094011,Attention,robustvision,Participant_11,6,126,29.5595,684571.384,29.0632,827.3883,0.7134,15.4853,224685.3526,15.1151,4305
2026-01-28T06:06:52.140680,Attention,robustvision,Participant_11,6,127,27.3238,635334.2315,26.8298,797.0786,0.7349,14.4683,200573.5926,14.0984,4305
2026-01-28T06:07:12.538133,Attention,robustvision,Participant_11,6,128,27.4074,642711.625,26.9127,801.693,0.7306,14.1669,197006.1347,13.7974,4305
2026-01-28T06:07:32.503393,Attention,robustvision,Participant_11,6,129,31.7954,862969.9675,31.3021,928.9618,0.6388,14.9223,212935.3709,14.552,4305
2026-01-28T06:07:51.448320,Attention,robustvision,Participant_11,6,130,34.2008,824594.4705,33.7043,908.0718,0.6548,24.5609,507493.7905,24.1889,4305
2026-01-28T06:08:11.029622,Attention,robustvision,Participant_11,6,131,30.4673,685123.6121,29.9695,827.7219,0.7146,22.6462,445895.1833,22.2744,4305
2026-01-28T06:08:30.157751,Attention,robustvision,Participant_11,6,132,28.7568,707356.0795,28.2624,841.0446,0.7061,19.801,347422.6773,19.4298,4305
2026-01-28T06:08:49.382487,Attention,robustvision,Participant_11,6,133,26.234,547282.0814,25.739,739.7852,0.7724,16.8307,264187.5432,16.4601,4305
2026-01-28T06:09:09.355836,Attention,robustvision,Participant_11,6,134,28.461,661260.2347,27.9651,813.1791,0.7228,16.9501,263925.6593,16.5794,4305
2026-01-28T06:09:29.651276,Attention,robustvision,Participant_11,6,135,28.5638,650575.7499,28.0688,806.5828,0.7295,16.3942,251380.3548,16.0236,4305
2026-01-28T06:09:49.020000,Attention,robustvision,Participant_11,6,136,31.4294,814490.5615,30.9337,902.4913,0.6611,17.2848,269670.4531,16.9144,4305
2026-01-28T06:10:09.659823,Attention,robustvision,Participant_11,6,137,26.8603,549171.448,26.364,741.061,0.7712,16.0355,239692.7672,15.6655,4305
2026-01-28T06:10:30.069071,Attention,robustvision,Participant_11,6,138,27.6859,642370.9295,27.1909,801.4805,0.7313,15.1885,219814.0033,14.8182,4305
2026-01-28T06:10:50.686988,Attention,robustvision,Participant_11,6,139,31.3887,717324.4032,30.8935,846.9501,0.7008,18.7789,312298.0673,18.4079,4305
2026-01-28T06:11:09.828967,Attention,robustvision,Participant_11,6,140,28.8556,656408.6725,28.3597,810.1905,0.7261,17.6115,279435.343,17.2405,4305
2026-01-28T06:11:30.176999,Attention,robustvision,Participant_11,6,141,27.8419,599977.5687,27.3453,774.5822,0.7493,16.7823,257208.2277,16.4115,4305
2026-01-28T06:11:49.557811,Attention,robustvision,Participant_11,6,142,32.8986,835614.8831,32.4022,914.1197,0.6509,17.6058,294859.9138,17.2354,4305
2026-01-28T06:12:09.346953,Attention,robustvision,Participant_11,6,143,28.4911,646232.9719,27.9967,803.8862,0.7292,15.6449,239202.1551,15.275,4305
2026-01-28T06:12:28.922941,Attention,robustvision,Participant_11,6,144,36.3901,966752.4671,35.8935,983.2357,0.5938,17.7627,303182.2363,17.3926,4305
2026-01-28T06:12:48.524041,Attention,robustvision,Participant_11,6,145,31.7142,750932.2603,31.2189,866.5635,0.6864,28.9476,663652.1672,28.5747,4305
2026-01-28T06:13:07.466264,Attention,robustvision,Participant_11,6,146,27.4987,670527.2582,27.0043,818.8573,0.7197,21.4544,393882.4059,21.0828,4305
2026-01-28T06:13:26.750289,Attention,robustvision,Participant_11,6,147,31.3668,871002.546,30.8703,933.2752,0.6363,19.6154,339978.4073,19.244,4305
2026-01-28T06:13:46.461922,Attention,robustvision,Participant_11,6,148,29.5175,748059.6942,29.0223,864.9044,0.6885,18.7516,309045.9741,18.3805,4305
2026-01-28T06:14:05.623024,Attention,robustvision,Participant_11,6,149,24.553,542378.64,24.0599,736.4636,0.7733,18.0823,297220.5766,17.7111,4305
2026-01-28T06:14:24.938978,Attention,robustvision,Participant_11,6,150,29.0378,708853.2957,28.5428,841.9343,0.7022,17.1562,282897.2255,16.7852,4305
2026-01-28T06:14:43.785469,Attention,robustvision,Participant_11,6,151,29.4004,705184.9032,28.9052,839.7529,0.706,22.2599,441909.6376,21.8883,4305
2026-01-28T06:15:03.659695,Attention,robustvision,Participant_11,6,152,29.2629,637014.4392,28.7666,798.1318,0.7337,24.9917,520853.8233,24.6193,4305
2026-01-28T06:15:22.702078,Attention,robustvision,Participant_11,6,153,29.5592,695312.5438,29.0631,833.854,0.7098,21.8846,414530.056,21.5126,4305
2026-01-28T06:15:41.938490,Attention,robustvision,Participant_11,6,154,26.8014,612321.6697,26.3068,782.5099,0.7444,22.6458,438232.9245,22.2737,4305
2026-01-28T06:16:01.266627,Attention,robustvision,Participant_11,6,155,27.9326,684201.3813,27.4376,827.1647,0.7139,20.6808,375959.5021,20.3093,4305
2026-01-28T06:16:20.240310,Attention,robustvision,Participant_11,6,156,29.522,699759.669,29.0265,836.5164,0.7076,19.2156,328500.9457,18.8444,4305
2026-01-28T06:16:39.530768,Attention,robustvision,Participant_11,6,157,29.8251,679929.7545,29.3298,824.5785,0.7152,18.0602,292178.5667,17.6892,4305
2026-01-28T06:17:01.717250,Attention,robustvision,Participant_11,6,158,26.3332,589314.5136,25.8409,767.6682,0.7534,17.9007,284154.3186,17.53,4305
2026-01-28T06:17:21.719038,Attention,robustvision,Participant_11,6,159,28.676,651072.364,28.1819,806.8906,0.7271,16.151,241277.7298,15.7804,4305
2026-01-28T06:17:42.261413,Attention,robustvision,Participant_11,6,160,32.5183,922857.0927,32.0253,960.6545,0.6145,17.2229,273152.0434,16.8522,4305
2026-01-28T06:18:03.317918,Attention,robustvision,Participant_11,6,161,28.7621,738891.9264,28.2676,859.5882,0.6923,18.0481,310527.3729,17.6772,4305
2026-01-28T06:18:23.597816,Attention,robustvision,Participant_11,6,162,31.8297,856174.353,31.3372,925.2969,0.6401,18.7966,326561.6965,18.4257,4305
2026-01-28T06:18:44.588127,Attention,robustvision,Participant_11,6,163,26.5598,570369.4714,26.0642,755.2281,0.761,16.1237,247946.8008,15.7533,4305
2026-01-28T06:19:04.889070,Attention,robustvision,Participant_11,6,164,29.792,772464.7037,29.2978,878.8997,0.6787,15.1938,221380.0321,14.8243,4305
2026-01-28T06:19:23.790951,Attention,robustvision,Participant_11,6,165,27.945,722808.8097,27.4507,850.1816,0.699,16.6912,251181.7014,16.3207,4305
2026-01-28T06:19:42.322040,Attention,robustvision,Participant_11,6,166,32.2274,869546.627,31.7336,932.4948,0.6367,15.6152,221995.7471,15.2448,4305
2026-01-28T06:20:01.278738,Attention,robustvision,Participant_11,6,167,28.5043,685672.8739,28.0083,828.0537,0.7122,16.5726,249678.5735,16.2024,4305
2026-01-28T06:20:20.261274,Attention,robustvision,Participant_11,6,168,28.1677,645946.6952,27.6719,803.7081,0.7308,15.9246,232419.7145,15.5543,4305
2026-01-28T06:20:39.152689,Attention,robustvision,Participant_11,6,169,28.6617,641168.4814,28.1658,800.73,0.7328,19.1014,328549.4263,18.7304,4305
2026-01-28T06:20:57.348518,Attention,robustvision,Participant_11,6,170,26.3048,557359.7281,25.8114,746.5653,0.7662,17.1332,277779.0214,16.7629,4305
2026-01-28T06:21:19.440288,Attention,robustvision,Participant_11,6,171,26.0655,563483.8858,25.5712,750.6556,0.7646,15.9742,242003.0411,15.6038,4305
2026-01-28T06:21:38.830594,Attention,robustvision,Participant_11,6,172,27.325,586574.1952,26.83,765.8813,0.7555,15.9559,240131.6151,15.5855,4305
2026-01-28T06:21:58.778431,Attention,robustvision,Participant_11,6,173,29.6123,640130.9565,29.1157,800.0818,0.7326,14.4542,201303.3528,14.0849,4305
2026-01-28T06:22:18.861663,Attention,robustvision,Participant_11,6,174,26.9966,619656.7498,26.5027,787.1828,0.7409,15.0125,216809.7965,14.6428,4305
2026-01-28T06:22:37.916820,Attention,robustvision,Participant_11,6,175,24.7845,496759.3101,24.2891,704.8115,0.7932,15.2094,223824.9372,14.8396,4305
2026-01-28T06:22:56.771292,Attention,robustvision,Participant_11,6,176,30.8647,698321.9833,30.3703,835.6566,0.7078,33.8093,936281.1449,33.4364,4305
2026-01-28T06:23:15.642270,Attention,robustvision,Participant_11,6,177,28.4169,593818.9371,27.9214,770.5965,0.7502,30.7888,765831.6922,30.4159,4305
2026-01-28T06:23:33.795333,Attention,robustvision,Participant_11,6,178,25.5681,556301.1539,25.0738,745.856,0.7671,23.4478,490594.8163,23.0757,4305
2026-01-28T06:23:51.992816,Attention,robustvision,Participant_11,6,179,24.6052,530801.0139,24.1116,728.5609,0.7781,20.1178,369050.8416,19.7466,4305
2026-01-28T06:24:10.016033,Attention,robustvision,Participant_11,6,180,24.8573,514506.7075,24.3615,717.2912,0.7856,18.9229,323486.8065,18.5515,4305
2026-01-28T06:24:30.308179,Attention,robustvision,Participant_11,6,181,25.3853,539252.0045,24.8901,734.3378,0.7745,17.5526,288244.2839,17.1815,4305
2026-01-28T06:24:50.317894,Attention,robustvision,Participant_11,6,182,23.4668,472386.6371,22.9756,687.3039,0.8022,17.5405,283136.1696,17.17,4305
2026-01-28T06:25:10.184415,Attention,robustvision,Participant_11,6,183,26.55,584636.456,26.0562,764.6152,0.7554,15.3213,232999.7521,14.9515,4305
2026-01-28T06:25:31.263022,Attention,robustvision,Participant_11,6,184,27.2604,672379.9012,26.7669,819.9877,0.7189,16.9272,275594.9886,16.5566,4305
2026-01-28T06:25:51.023121,Attention,robustvision,Participant_11,6,185,29.6199,717199.0508,29.125,846.8761,0.7006,17.2128,280997.2023,16.842,4305
2026-01-28T06:26:10.959943,Attention,robustvision,Participant_11,6,186,23.3574,467895.4981,22.8638,684.0289,0.8046,17.4184,279284.4098,17.0477,4305
2026-01-28T06:26:30.680628,Attention,robustvision,Participant_11,6,187,29.157,660609.5584,28.6605,812.7789,0.7228,17.4913,281697.4753,17.1206,4305
2026-01-28T06:26:49.320600,Attention,robustvision,Participant_11,6,188,28.5709,651343.8371,28.0744,807.0588,0.7283,16.279,258987.1209,15.9087,4305
2026-01-28T06:27:08.292514,Attention,robustvision,Participant_11,6,189,29.9059,756584.7741,29.4119,869.8188,0.683,21.805,406983.109,21.4329,4305
2026-01-28T06:27:27.012280,Attention,robustvision,Participant_11,6,190,30.9917,736118.1314,30.4949,857.9733,0.6933,20.311,372466.5449,19.9395,4305
2026-01-28T06:27:45.872561,Attention,robustvision,Participant_11,6,191,33.1183,887687.0809,32.6215,942.1715,0.6284,17.6238,302068.2061,17.2531,4305
2026-01-28T06:28:04.172081,Attention,robustvision,Participant_11,6,192,35.2455,999216.87,34.75,999.6084,0.5841,16.628,272078.6381,16.2577,4305
2026-01-28T06:28:22.059905,Attention,robustvision,Participant_11,6,193,30.829,753825.6796,30.3331,868.2314,0.6856,19.0844,337464.7017,18.7132,4305
2026-01-28T06:28:40.437131,Attention,robustvision,Participant_11,6,194,29.4022,744671.205,28.908,862.9433,0.6895,21.4011,410942.9971,21.0297,4305
2026-01-28T06:28:59.436401,Attention,robustvision,Participant_11,6,195,32.8353,930143.4058,32.3401,964.4394,0.6113,18.3386,313185.4456,17.9677,4305
2026-01-28T06:29:17.630401,Attention,robustvision,Participant_11,6,196,29.9083,774504.5354,29.4139,880.0594,0.6762,16.4998,264803.6825,16.1299,4305
2026-01-28T06:29:35.811000,Attention,robustvision,Participant_11,6,197,29.2698,723528.7451,28.773,850.6049,0.6936,18.1943,313952.0195,17.8236,4305
2026-01-28T06:29:53.989437,Attention,robustvision,Participant_11,6,198,26.4044,597506.462,25.9091,772.9854,0.7496,18.7732,323183.3311,18.4022,4305
2026-01-28T06:30:12.891303,Attention,robustvision,Participant_11,6,199,25.5359,604615.8425,25.0419,777.5705,0.7475,15.6445,237295.8802,15.2745,4305
2026-01-28T06:30:31.292196,Attention,robustvision,Participant_11,6,200,32.4751,744784.8886,31.9789,863.0092,0.6883,28.118,683708.3225,27.7457,4305
2026-01-28T06:30:50.294395,Attention,robustvision,Participant_11,6,201,33.5055,842476.6408,33.0092,917.8653,0.6491,29.826,732385.182,29.4533,4305
2026-01-28T06:31:09.231994,Attention,robustvision,Participant_11,6,202,34.5543,820791.3717,34.0566,905.9754,0.6558,25.9362,567801.274,25.5635,4305
2026-01-28T06:31:27.811577,Attention,robustvision,Participant_11,6,203,37.9431,1160930.6149,37.4465,1077.4649,0.5146,32.1272,830939.0643,31.7541,4305
2026-01-28T06:31:46.013022,Attention,robustvision,Participant_11,6,204,31.7117,766337.2462,31.215,875.4069,0.6799,28.0209,641364.2907,27.6481,4305
2026-01-28T06:32:04.935769,Attention,robustvision,Participant_11,6,205,32.8704,795980.4059,32.3739,892.1773,0.6676,24.6701,524592.9891,24.2979,4305
2026-01-28T06:32:24.272507,Attention,robustvision,Participant_11,6,206,32.1131,847538.7918,31.6177,920.6187,0.6464,21.8504,426920.0335,21.4788,4305
2026-01-28T06:33:01.469486,Attention,robustvision,Participant_11,6,207,32.5949,822642.3745,32.1012,906.9963,0.6557,21.9679,421694.0817,21.5964,4305
2026-01-28T06:33:30.263122,Attention,robustvision,Participant_11,6,208,30.0385,719878.2371,29.542,848.4564,0.6979,19.9044,366407.5121,19.5333,4305
2026-01-28T06:34:00.667473,Attention,robustvision,Participant_11,6,209,30.5329,740257.0891,30.0389,860.3819,0.6919,20.4982,370217.2986,20.1269,4305
2026-01-28T06:34:32.637997,Attention,robustvision,Participant_11,6,210,32.6602,892251.2736,32.1679,944.5905,0.6266,22.1775,443140.4597,21.8059,4305
2026-01-28T06:35:05.282589,Attention,robustvision,Participant_11,6,211,32.2133,860335.7661,31.7186,927.5429,0.641,18.9179,341493.3153,18.5471,4305
2026-01-28T06:35:38.334758,Attention,robustvision,Participant_11,6,212,31.2974,764650.6581,30.8011,874.4431,0.6803,19.2792,342965.2502,18.9082,4305
2026-01-28T06:36:10.875179,Attention,robustvision,Participant_11,6,213,32.651,849878.0787,32.1548,921.8883,0.6449,17.4371,283743.8199,17.0665,4305
2026-01-28T06:36:42.902834,Attention,robustvision,Participant_11,6,214,30.9198,815141.1695,30.4238,902.8517,0.6611,16.5653,255551.8661,16.1948,4305
2026-01-28T06:37:16.486188,Attention,robustvision,Participant_11,6,215,30.2657,776255.5367,29.7704,881.0537,0.6754,15.7878,242108.7326,15.4176,4305
2026-01-28T06:37:50.248229,Attention,robustvision,Participant_11,6,216,29.1817,699180.4828,28.6874,836.1701,0.7073,17.5338,280188.7505,17.1633,4305
2026-01-28T06:38:17.798899,Attention,robustvision,Participant_11,6,217,29.2379,728877.4681,28.7431,853.7432,0.6947,18.0152,291506.1157,17.6442,4305
2026-01-28T06:38:39.348877,Attention,robustvision,Participant_11,6,218,29.3763,715264.3342,28.8815,845.733,0.7004,20.3823,358456.3572,20.0106,4305
2026-01-28T06:38:59.471116,Attention,robustvision,Participant_11,6,219,32.1579,848414.0295,31.6618,921.0939,0.6472,18.672,314605.3437,18.3011,4305
2026-01-28T06:39:18.851638,Attention,robustvision,Participant_11,6,220,25.6609,569061.2296,25.1667,754.3615,0.7638,17.1756,278235.3605,16.8049,4305
2026-01-28T06:39:38.867940,Attention,robustvision,Participant_11,6,221,27.1711,658485.2697,26.6767,811.4711,0.7255,15.7008,232637.371,15.3308,4305
2026-01-28T06:39:59.744956,Attention,robustvision,Participant_11,6,222,28.5492,697366.7514,28.0548,835.0849,0.7089,16.3587,255365.4772,15.9885,4305
2026-01-28T06:40:21.022569,Attention,robustvision,Participant_11,6,223,25.1238,597885.5087,24.6314,773.2306,0.7519,15.5691,234692.0386,15.1989,4305
2026-01-28T06:40:40.850752,Attention,robustvision,Participant_11,6,224,26.4824,584755.8008,25.988,764.6933,0.7547,16.3063,253020.0369,15.936,4305
2026-01-28T06:40:59.892990,Attention,robustvision,Participant_11,6,225,31.41,808400.5558,30.9162,899.111,0.6616,16.8336,272895.8333,16.4631,4305
2026-01-28T06:41:19.617163,Attention,robustvision,Participant_11,6,226,27.7906,653719.3816,27.2943,808.5291,0.7279,17.171,281826.8449,16.8007,4305
2026-01-28T06:41:38.897594,Attention,robustvision,Participant_11,6,227,32.6577,830860.2719,32.1604,911.5154,0.6532,17.6924,285063.6456,17.3216,4305
2026-01-28T06:41:57.249910,Attention,robustvision,Participant_11,6,228,29.2506,677887.8078,28.7538,823.3394,0.7168,17.2405,273762.2444,16.8702,4305
2026-01-28T06:42:15.979483,Attention,robustvision,Participant_11,6,229,32.4325,896479.9944,31.9369,946.8263,0.6263,20.0974,361159.8003,19.7259,4305
2026-01-28T06:42:35.309701,Attention,robustvision,Participant_11,6,230,26.67,626411.898,26.175,791.4619,0.7382,17.2409,270156.4607,16.87,4305
2026-01-28T06:42:54.243052,Attention,robustvision,Participant_11,6,231,34.0009,939111.0323,33.5055,969.0774,0.6073,16.0494,239271.1793,15.6792,4305
2026-01-28T06:43:12.982774,Attention,robustvision,Participant_11,6,232,29.9191,748785.1823,29.4237,865.3237,0.6864,14.8863,210804.1586,14.5165,4305
2026-01-28T06:43:32.122861,Attention,robustvision,Participant_11,6,233,30.4219,727316.1277,29.9255,852.8283,0.6966,16.1491,244550.1212,15.7788,4305
2026-01-28T06:44:08.338420,Attention,robustvision,Participant_5,7,0,14.8352,177109.4479,14.3431,420.8437,0.9204,26.1015,614951.6611,25.7294,949
2026-01-28T06:44:27.382920,Attention,robustvision,Participant_5,7,1,22.6352,389204.1775,22.1385,623.8623,0.827,18.5869,317474.1001,18.2155,949
2026-01-28T06:44:47.946139,Attention,robustvision,Participant_5,7,2,23.6097,500093.6284,23.1221,707.173,0.7806,19.2908,338038.2576,18.9194,949
2026-01-28T06:45:07.311783,Attention,robustvision,Participant_5,7,3,19.7477,271752.7372,19.2552,521.2991,0.8816,16.7615,270853.3671,16.3913,949
2026-01-28T06:45:26.291817,Attention,robustvision,Participant_5,7,4,24.0567,455994.6382,23.5595,675.2738,0.8026,16.7374,263261.8506,16.3673,949
2026-01-28T06:45:45.844569,Attention,robustvision,Participant_5,7,5,20.5402,343834.5903,20.0431,586.3741,0.8515,17.3225,285527.7573,16.9522,949
2026-01-28T06:46:07.795774,Attention,robustvision,Participant_5,7,6,21.44,438582.4844,20.9445,662.2556,0.8097,16.3373,256209.1758,15.967,949
2026-01-28T06:46:28.502095,Attention,robustvision,Participant_5,7,7,18.1937,320634.6862,17.7034,566.2461,0.8602,17.8348,292190.1151,17.4638,949
2026-01-28T06:46:49.382857,Attention,robustvision,Participant_5,7,8,23.9976,427688.2533,23.4997,653.9788,0.8113,16.6132,259093.2296,16.243,949
2026-01-28T06:47:09.609877,Attention,robustvision,Participant_5,7,9,20.8001,319069.4908,20.3051,564.8624,0.8611,15.3482,225652.7037,14.9783,949
2026-01-28T06:47:30.447487,Attention,robustvision,Participant_5,7,10,18.4264,284188.6163,17.934,533.0934,0.8741,18.1544,299133.7537,17.7834,949
2026-01-28T06:47:50.277663,Attention,robustvision,Participant_5,7,11,19.936,358046.4827,19.4422,598.3699,0.8441,16.5708,252517.5774,16.2002,949
2026-01-28T06:48:16.296162,Attention,robustvision,Participant_5,7,12,23.3351,546161.3773,22.8406,739.0273,0.7607,15.5945,222799.2109,15.2251,949
2026-01-28T06:48:45.177516,Attention,robustvision,Participant_5,7,13,16.6143,247463.1643,16.1228,497.4567,0.891,20.4116,355281.8225,20.0403,949
2026-01-28T06:49:18.953753,Attention,robustvision,Participant_5,7,14,24.9272,420262.8672,24.4301,648.2768,0.8141,20.4307,357462.3619,20.059,949
2026-01-28T09:07:57.341041,Attention,robustvision,Participant_10,1,0,30.3503,551446.891,29.8521,742.5947,0.7573,48.8769,2136848.0618,48.5035,1561
2026-01-28T09:08:09.262121,Attention,robustvision,Participant_10,1,1,31.0382,595348.7809,30.5409,771.5885,0.7401,27.4583,618771.9787,27.0857,1561
2026-01-28T09:08:21.483039,Attention,robustvision,Participant_10,1,2,26.0313,429550.7476,25.5346,655.4012,0.8122,22.9187,458535.1509,22.5469,1561
2026-01-28T09:08:33.387637,Attention,robustvision,Participant_10,1,3,26.848,476433.3152,26.3513,690.2415,0.7918,21.4842,416595.5697,21.1128,1561
2026-01-28T09:08:45.696372,Attention,robustvision,Participant_10,1,4,30.171,597423.607,29.6763,772.9318,0.7431,20.7996,397129.2124,20.4283,1561
2026-01-28T09:08:57.983853,Attention,robustvision,Participant_10,1,5,25.4872,409634.2268,24.9895,640.0267,0.8213,19.6785,356758.5544,19.307,1561
2026-01-28T09:09:10.107849,Attention,robustvision,Participant_10,1,6,25.9675,465540.229,25.4745,682.3051,0.7988,19.4168,344302.2669,19.0454,1561
2026-01-28T09:09:22.418978,Attention,robustvision,Participant_10,1,7,22.0873,362607.3141,21.5932,602.1688,0.8438,18.3372,321614.9756,17.9664,1561
2026-01-28T09:09:34.942696,Attention,robustvision,Participant_10,1,8,21.0415,383011.3076,20.5476,618.8791,0.8309,20.4706,378506.0049,20.0993,1561
2026-01-28T09:09:47.361365,Attention,robustvision,Participant_10,1,9,23.9569,466845.9846,23.4674,683.2613,0.7962,19.3973,346159.221,19.026,1561
2026-01-28T09:10:00.886298,Attention,robustvision,Participant_10,1,10,25.3876,417484.4447,24.8917,646.1304,0.8165,18.2516,317416.005,17.8805,1561
2026-01-28T09:10:14.546367,Attention,robustvision,Participant_10,1,11,29.2247,562731.2286,28.7288,750.1541,0.7546,19.2353,340277.9393,18.8643,1561
2026-01-28T09:10:28.673482,Attention,robustvision,Participant_10,1,12,19.2893,270603.7753,18.7953,520.1959,0.8822,16.2863,255689.3309,15.9158,1561
2026-01-28T09:10:41.422979,Attention,robustvision,Participant_10,1,13,34.494,670303.1049,33.9964,818.7204,0.7068,16.6342,262401.5236,16.2638,1561
2026-01-28T09:10:54.392010,Attention,robustvision,Participant_10,1,14,25.1859,424145.5443,24.6887,651.2646,0.8153,18.1143,300959.9132,17.7433,1561
2026-01-28T09:11:07.303191,Attention,robustvision,Participant_10,1,15,28.0925,481208.1253,27.5957,693.6917,0.7917,17.0236,274119.2713,16.653,1561
2026-01-28T09:11:19.597656,Attention,robustvision,Participant_10,1,16,23.4511,351878.3106,22.9536,593.1933,0.8455,18.177,305203.4976,17.8063,1561
2026-01-28T09:11:32.450018,Attention,robustvision,Participant_10,1,17,21.7156,346741.371,21.2227,588.8475,0.8467,19.1162,329162.0546,18.7448,1561
2026-01-28T09:11:45.615489,Attention,robustvision,Participant_10,1,18,24.267,357188.7052,23.7712,597.6527,0.8442,17.8326,297154.6548,17.4621,1561
2026-01-28T09:11:59.309800,Attention,robustvision,Participant_10,1,19,25.6656,441134.3077,25.171,664.1794,0.8053,17.9762,298164.0723,17.6054,1561
2026-01-28T09:12:12.238801,Attention,robustvision,Participant_10,1,20,31.8527,606567.6212,31.3551,778.8245,0.7314,17.5497,278074.9305,17.179,1561
2026-01-28T09:12:24.823222,Attention,robustvision,Participant_10,1,21,25.1714,445856.8631,24.6764,667.7251,0.806,17.0646,270104.7199,16.6944,1561
2026-01-28T09:12:37.629630,Attention,robustvision,Participant_10,1,22,27.6478,530042.446,27.1521,728.0401,0.7688,17.0437,266168.5451,16.6733,1561
2026-01-28T09:12:50.011772,Attention,robustvision,Participant_10,1,23,21.6333,321243.6987,21.1374,566.7836,0.8604,17.7454,288512.8111,17.3746,1561
2026-01-28T09:13:02.134394,Attention,robustvision,Participant_10,1,24,22.623,314124.2843,22.1279,560.4679,0.8638,17.6701,283307.8306,17.2991,1561
2026-01-28T09:13:13.837109,Attention,robustvision,Participant_10,1,25,23.8485,349266.0357,23.3528,590.9873,0.8463,18.0964,290020.4312,17.7255,1561
2026-01-28T09:13:25.667012,Attention,robustvision,Participant_10,1,26,24.8956,388170.4086,24.3983,623.0332,0.829,17.7146,284679.6132,17.3438,1561
2026-01-28T09:13:38.324391,Attention,robustvision,Participant_10,1,27,18.9269,285148.7432,18.4323,533.9932,0.8758,18.2821,302903.1941,17.9108,1561
2026-01-28T09:13:50.676673,Attention,robustvision,Participant_10,1,28,31.419,563159.7155,30.9223,750.4397,0.7524,18.9936,321533.3221,18.6228,1561
2026-01-28T09:14:03.160065,Attention,robustvision,Participant_10,1,29,24.9145,410044.0484,24.4174,640.3468,0.8235,19.2782,328335.9771,18.9071,1561
2026-01-28T09:14:15.337606,Attention,robustvision,Participant_10,1,30,23.5134,384252.6073,23.0182,619.8811,0.8327,18.6221,316646.2715,18.2509,1561
2026-01-28T09:14:28.363237,Attention,robustvision,Participant_10,1,31,24.7371,391090.4394,24.2413,625.3722,0.8262,17.2324,280488.0174,16.8617,1561
2026-01-28T09:14:40.239765,Attention,robustvision,Participant_10,1,32,23.1819,366091.1068,22.6868,605.0546,0.8411,16.8309,265426.9786,16.4607,1561
2026-01-28T09:14:52.205527,Attention,robustvision,Participant_10,1,33,28.087,532454.1355,27.5928,729.6945,0.7687,15.8715,238255.2892,15.5016,1561
2026-01-28T09:15:04.233467,Attention,robustvision,Participant_10,1,34,27.4632,489912.4977,26.9691,699.9375,0.7885,14.9981,221507.1403,14.6284,1561
2026-01-28T09:15:16.272106,Attention,robustvision,Participant_10,1,35,24.1808,400724.4057,23.6869,633.028,0.8265,15.6051,229717.6047,15.2348,1561
2026-01-28T09:15:28.669848,Attention,robustvision,Participant_10,1,36,23.6011,404962.0364,23.1055,636.3663,0.824,15.2384,225527.3119,14.8685,1561
2026-01-28T09:15:41.124937,Attention,robustvision,Participant_10,1,37,28.0313,494359.0226,27.5342,703.1067,0.7828,15.0474,215870.2696,14.6774,1561
2026-01-28T09:15:53.228704,Attention,robustvision,Participant_10,1,38,26.3185,443347.011,25.8221,665.8431,0.8082,15.3822,226787.5086,15.0122,1561
2026-01-28T09:16:05.964838,Attention,robustvision,Participant_10,1,39,25.1968,394701.5232,24.7014,628.2528,0.8282,15.2747,223400.1268,14.9047,1561
2026-01-28T09:16:18.375918,Attention,robustvision,Participant_10,1,40,30.0454,518897.7748,29.548,720.3456,0.7728,23.1517,487092.3281,22.7802,1561
2026-01-28T09:16:31.590381,Attention,robustvision,Participant_10,1,41,35.1149,737572.6198,34.6178,858.8205,0.6788,22.3057,443184.9102,21.9338,1561
2026-01-28T09:16:43.943506,Attention,robustvision,Participant_10,1,42,20.5422,296106.4656,20.0489,544.1567,0.8701,20.3874,395333.3616,20.016,1561
2026-01-28T09:16:56.111487,Attention,robustvision,Participant_10,1,43,27.0276,461377.9039,26.5336,679.248,0.7979,17.489,298973.8151,17.1185,1561
2026-01-28T09:17:08.400463,Attention,robustvision,Participant_10,1,44,27.7005,471679.5418,27.2039,686.7893,0.7921,16.3977,268093.5625,16.0274,1561
2026-01-28T09:17:20.896563,Attention,robustvision,Participant_10,1,45,22.5974,345825.5497,22.1035,588.0693,0.8511,19.4986,352022.218,19.1274,1561
2026-01-28T09:17:33.100145,Attention,robustvision,Participant_10,1,46,21.2155,355440.9141,20.7217,596.1887,0.8449,18.4267,316678.8636,18.0557,1561
2026-01-28T09:17:45.304457,Attention,robustvision,Participant_10,1,47,19.5675,292263.3742,19.0721,540.6139,0.8724,16.8521,277256.1938,16.4816,1561
2026-01-28T09:17:57.648220,Attention,robustvision,Participant_10,1,48,28.47,515550.9406,27.9738,718.0188,0.7759,15.8359,245279.7477,15.4659,1561
2026-01-28T09:18:09.835333,Attention,robustvision,Participant_10,1,49,25.7197,420908.5492,25.2221,648.7747,0.8183,23.1288,474279.794,22.7571,1561
2026-01-28T09:18:21.953114,Attention,robustvision,Participant_10,1,50,30.0703,570401.6901,29.5726,755.2494,0.7518,19.548,360733.7305,19.1773,1561
2026-01-28T09:18:33.976644,Attention,robustvision,Participant_10,1,51,24.2695,484849.7552,23.7739,696.3115,0.7887,19.0831,338756.544,18.7119,1561
2026-01-28T09:18:46.389703,Attention,robustvision,Participant_10,1,52,32.0138,593250.8159,31.5156,770.2278,0.7424,21.1411,395400.1258,20.7697,1561
2026-01-28T09:18:58.841039,Attention,robustvision,Participant_10,1,53,28.2461,491491.4315,27.7495,701.0645,0.7834,17.5955,294696.0388,17.2248,1561
2026-01-28T09:19:11.151215,Attention,robustvision,Participant_10,1,54,27.5413,461584.3049,27.0441,679.4,0.7987,16.0291,253484.744,15.6589,1561
2026-01-28T09:19:23.421787,Attention,robustvision,Participant_10,1,55,21.6602,323619.8586,21.165,568.876,0.858,16.6796,260042.6813,16.3091,1561
2026-01-28T09:19:35.538860,Attention,robustvision,Participant_10,1,56,20.1121,350727.5315,19.6226,592.2225,0.849,17.6742,286627.3029,17.3037,1561
2026-01-28T09:19:48.102015,Attention,robustvision,Participant_10,1,57,25.8186,435889.195,25.3283,660.2191,0.8104,16.3118,251529.5229,15.9415,1561
2026-01-28T09:20:00.482822,Attention,robustvision,Participant_10,1,58,24.0734,396972.8763,23.5762,630.0578,0.8267,15.8898,239259.4933,15.5203,1561
2026-01-28T09:20:12.517661,Attention,robustvision,Participant_10,1,59,31.0362,575084.7568,30.539,758.3434,0.7491,17.02,265130.8825,16.6493,1561
2026-01-28T09:20:25.258294,Attention,robustvision,Participant_10,1,60,23.3408,380540.618,22.8464,616.8797,0.8331,19.6735,339777.99,19.3024,1561
2026-01-28T09:20:37.736382,Attention,robustvision,Participant_10,1,61,27.187,481162.1678,26.6922,693.6585,0.7905,17.4351,272016.3151,17.0638,1561
2026-01-28T09:20:50.012841,Attention,robustvision,Participant_10,1,62,24.9495,416464.8828,24.454,645.3409,0.8175,16.6521,255452.9848,16.2818,1561
2026-01-28T09:21:02.346097,Attention,robustvision,Participant_10,1,63,25.757,454744.9224,25.2624,674.3478,0.8005,16.6818,254441.479,16.3111,1561
2026-01-28T09:21:14.764958,Attention,robustvision,Participant_10,1,64,27.3261,574674.293,26.829,758.0727,0.7464,17.3949,276061.1188,17.0241,1561
2026-01-28T09:21:27.075247,Attention,robustvision,Participant_10,1,65,26.1404,546001.462,25.6482,738.9191,0.7626,18.7503,317248.1063,18.3793,1561
2026-01-28T09:21:39.884874,Attention,robustvision,Participant_10,1,66,27.5665,471632.4885,27.0691,686.755,0.7943,19.6205,347574.0405,19.2495,1561
2026-01-28T09:21:51.917812,Attention,robustvision,Participant_10,1,67,22.9967,375091.0916,22.5018,612.4468,0.8354,17.6949,285482.2183,17.3243,1561
2026-01-28T09:22:04.203768,Attention,robustvision,Participant_10,1,68,28.8676,532749.6505,28.3744,729.897,0.7699,17.5928,278761.3307,17.222,1561
2026-01-28T09:22:16.315860,Attention,robustvision,Participant_10,1,69,27.2665,504108.1509,26.7712,710.0057,0.7786,16.8927,268160.3226,16.522,1561
2026-01-28T09:22:29.002205,Attention,robustvision,Participant_10,1,70,25.9423,450174.1825,25.4477,670.9502,0.8033,15.4708,234134.5179,15.1005,1561
2026-01-28T09:22:41.098518,Attention,robustvision,Participant_10,1,71,29.7183,541578.9754,29.2209,735.9205,0.7637,17.354,280360.5756,16.9835,1561
2026-01-28T09:22:53.228929,Attention,robustvision,Participant_10,1,72,25.5906,415458.3648,25.0932,644.5606,0.8199,16.5748,255684.878,16.2044,1561
2026-01-28T09:23:05.458660,Attention,robustvision,Participant_10,1,73,23.889,413276.9276,23.3926,642.8662,0.8178,20.6615,375476.4265,20.2901,1561
2026-01-28T09:23:17.639955,Attention,robustvision,Participant_10,1,74,28.2025,575892.3044,27.7067,758.8757,0.7491,18.7496,312261.106,18.3784,1561
2026-01-28T09:23:29.923252,Attention,robustvision,Participant_10,1,75,24.8855,416887.3662,24.3905,645.6682,0.8159,16.6712,258672.097,16.3009,1561
2026-01-28T09:23:42.120194,Attention,robustvision,Participant_10,1,76,29.686,559286.5276,29.1878,747.8546,0.7592,14.8832,215738.5213,14.5138,1561
2026-01-28T09:23:54.428540,Attention,robustvision,Participant_10,1,77,32.7103,699022.9033,32.2142,836.0759,0.6952,19.4728,344885.6899,19.1014,1561
2026-01-28T09:24:06.567557,Attention,robustvision,Participant_10,1,78,23.1727,334939.9105,22.676,578.7399,0.853,20.1234,359118.5193,19.7522,1561
2026-01-28T09:24:18.781141,Attention,robustvision,Participant_10,1,79,28.0664,488974.786,27.5699,699.2673,0.7859,19.0637,327951.6195,18.6927,1561
2026-01-28T09:24:31.331409,Attention,robustvision,Participant_10,1,80,27.7501,453490.0647,27.2516,673.4167,0.8011,17.7604,289480.639,17.3894,1561
2026-01-28T09:24:43.942787,Attention,robustvision,Participant_10,1,81,23.3726,372802.5245,22.8764,610.5756,0.8379,17.0653,273759.4174,16.6951,1561
2026-01-28T09:24:56.359934,Attention,robustvision,Participant_10,1,82,22.8065,400592.3428,22.3094,632.9236,0.8262,16.3888,256573.941,16.0181,1561
2026-01-28T09:25:08.598588,Attention,robustvision,Participant_10,1,83,22.803,336726.0252,22.3084,580.281,0.8535,17.0269,272966.3603,16.6564,1561
2026-01-28T09:25:20.855626,Attention,robustvision,Participant_10,1,84,27.1114,435764.3576,26.6142,660.1245,0.8117,16.6183,273723.3398,16.2481,1561
2026-01-28T09:25:32.886708,Attention,robustvision,Participant_10,1,85,28.3048,489772.7608,27.809,699.8377,0.7856,17.3744,290626.8975,17.004,1561
2026-01-28T09:25:44.814649,Attention,robustvision,Participant_10,1,86,26.5616,430546.7378,26.067,656.1606,0.8132,20.8476,384826.3574,20.4759,1561
2026-01-28T09:25:56.854095,Attention,robustvision,Participant_10,1,87,27.5621,533591.6643,27.068,730.4736,0.7676,17.5362,281172.2254,17.1654,1561
2026-01-28T09:26:09.046308,Attention,robustvision,Participant_10,1,88,28.2171,482031.9381,27.7202,694.2852,0.7909,17.1099,269187.2614,16.739,1561
2026-01-28T09:26:21.114378,Attention,robustvision,Participant_10,1,89,27.9881,510109.481,27.4907,714.2195,0.7778,16.7384,257871.5714,16.3678,1561
2026-01-28T09:26:33.094506,Attention,robustvision,Participant_10,1,90,22.5953,343401.3116,22.1019,586.0045,0.8497,17.8269,294081.9004,17.4561,1561
2026-01-28T09:26:44.857730,Attention,robustvision,Participant_10,1,91,29.3791,482702.8619,28.8806,694.7682,0.7907,18.5742,313128.0442,18.2032,1561
2026-01-28T09:26:56.988317,Attention,robustvision,Participant_10,1,92,26.3856,463968.0103,25.889,681.152,0.7973,18.3161,310992.3767,17.9454,1561
2026-01-28T09:27:08.929077,Attention,robustvision,Participant_10,1,93,26.0966,460854.8639,25.6032,678.8629,0.7966,17.3751,280218.7329,17.0044,1561
2026-01-28T09:27:21.012562,Attention,robustvision,Participant_10,1,94,24.23,451390.3776,23.739,671.8559,0.8043,17.2184,275502.4323,16.848,1561
2026-01-28T09:27:33.203970,Attention,robustvision,Participant_10,1,95,25.71,420053.8781,25.214,648.1156,0.8147,16.7573,258793.3987,16.387,1561
2026-01-28T09:27:45.398237,Attention,robustvision,Participant_10,1,96,24.4579,371642.4281,23.9618,609.6248,0.8375,19.1225,324321.6779,18.7512,1561
2026-01-28T09:27:57.971269,Attention,robustvision,Participant_10,1,97,28.0551,489948.763,27.5573,699.9634,0.7878,21.1306,383527.8581,20.7586,1561
2026-01-28T09:28:10.230257,Attention,robustvision,Participant_10,1,98,28.0009,470150.294,27.5031,685.6751,0.795,19.1898,334665.0326,18.8183,1561
2026-01-28T09:28:22.512542,Attention,robustvision,Participant_10,1,99,34.8387,730604.1579,34.3402,854.7539,0.6814,19.0258,328376.4589,18.6549,1561
2026-01-28T09:28:34.785215,Attention,robustvision,Participant_10,1,100,24.6101,393035.605,24.1149,626.9255,0.8297,19.212,334176.5587,18.8409,1561
2026-01-28T09:28:47.128719,Attention,robustvision,Participant_10,1,101,22.6327,347329.8931,22.1379,589.347,0.8474,17.6967,285916.6101,17.3256,1561
2026-01-28T09:28:59.678168,Attention,robustvision,Participant_10,1,102,26.2469,449096.0512,25.7517,670.1463,0.8039,17.1465,275270.6399,16.7758,1561
2026-01-28T09:29:11.998144,Attention,robustvision,Participant_10,1,103,25.0544,409061.1754,24.5625,639.5789,0.8224,15.884,237679.5274,15.5139,1561
2026-01-28T09:29:24.075318,Attention,robustvision,Participant_10,1,104,21.9398,312450.8304,21.4451,558.973,0.8636,15.6542,231615.8659,15.2838,1561
2026-01-28T09:29:36.351432,Attention,robustvision,Participant_10,1,105,24.2099,368164.76,23.7158,606.7658,0.8383,14.8314,211474.9003,14.4618,1561
2026-01-28T09:29:48.496401,Attention,robustvision,Participant_10,1,106,28.2314,539335.8823,27.7394,734.3949,0.7626,17.7657,285748.7917,17.395,1561
2026-01-28T09:30:00.597882,Attention,robustvision,Participant_10,1,107,26.7465,460431.7519,26.2507,678.5512,0.7994,18.1675,297962.982,17.7966,1561
2026-01-28T09:30:12.904490,Attention,robustvision,Participant_10,1,108,24.7178,424077.6082,24.2236,651.2124,0.813,16.1193,243318.4247,15.7489,1561
2026-01-28T09:30:25.133009,Attention,robustvision,Participant_10,1,109,24.7653,371385.95,24.2675,609.4144,0.8363,16.6622,256734.7839,16.2918,1561
2026-01-28T09:30:37.234090,Attention,robustvision,Participant_10,1,110,19.3885,268631.5771,18.8947,518.2968,0.8819,15.6204,238893.2527,15.2505,1561
2026-01-28T09:30:49.834841,Attention,robustvision,Participant_10,1,111,22.2083,300119.8779,21.7136,547.832,0.8685,15.7156,233059.7103,15.3455,1561
2026-01-28T09:31:02.587099,Attention,robustvision,Participant_10,1,112,28.13,493329.5977,27.6321,702.3743,0.7844,20.857,390063.2873,20.4857,1561
2026-01-28T09:31:14.974292,Attention,robustvision,Participant_10,1,113,22.44,359769.6075,21.9458,599.808,0.8434,20.067,360026.6595,19.6957,1561
2026-01-28T09:31:27.323396,Attention,robustvision,Participant_10,1,114,32.5066,604324.7843,32.0085,777.3833,0.7349,17.2927,285958.6486,16.9221,1561
2026-01-28T09:31:39.855900,Attention,robustvision,Participant_10,1,115,23.7971,409203.2262,23.3031,639.6899,0.8215,17.568,296650.072,17.1973,1561
2026-01-28T09:31:52.217480,Attention,robustvision,Participant_10,1,116,29.5005,585199.9747,29.005,764.9836,0.7475,17.1026,282160.5056,16.7322,1561
2026-01-28T09:32:04.454509,Attention,robustvision,Participant_10,1,117,24.4449,382380.0531,23.9471,618.3689,0.8323,17.7187,292669.7742,17.3479,1561
2026-01-28T09:32:16.702606,Attention,robustvision,Participant_10,1,118,24.691,445963.8305,24.1946,667.8052,0.8029,15.8786,241665.9005,15.5084,1561
2026-01-28T09:32:28.830125,Attention,robustvision,Participant_10,1,119,26.4236,422628.6706,25.9283,650.099,0.8154,16.6803,259562.1251,16.3098,1561
2026-01-28T09:32:42.616370,Attention,robustvision,Participant_10,1,120,23.3754,381644.4385,22.8791,617.7738,0.8359,15.3417,231397.9546,14.9714,1561
2026-01-28T09:32:55.295358,Attention,robustvision,Participant_10,1,121,38.6243,927519.9557,38.1272,963.0784,0.5982,21.4883,410771.3704,21.1165,1561
2026-01-28T09:33:07.760101,Attention,robustvision,Participant_10,1,122,29.2186,547039.6191,28.7214,739.6213,0.7621,20.5727,383016.4247,20.2012,1561
2026-01-28T09:33:20.301164,Attention,robustvision,Participant_10,1,123,28.6882,518905.4127,28.191,720.3509,0.7735,17.3135,287023.7137,16.9425,1561
2026-01-28T09:33:32.634055,Attention,robustvision,Participant_10,1,124,23.4346,350032.5448,22.94,591.6355,0.8476,16.7838,271023.5672,16.4131,1561
2026-01-28T09:33:44.938594,Attention,robustvision,Participant_10,1,125,28.0204,490268.4091,27.5229,700.1917,0.786,16.9439,277906.9709,16.5736,1561
2026-01-28T09:33:57.312810,Attention,robustvision,Participant_10,1,126,24.2603,377574.5659,23.7644,614.471,0.8357,17.6374,290426.4297,17.2662,1561
2026-01-28T09:34:09.918283,Attention,robustvision,Participant_10,1,127,25.9767,428155.9935,25.4797,654.3363,0.8119,15.7529,242073.0724,15.3828,1561
2026-01-28T09:34:22.138232,Attention,robustvision,Participant_10,1,128,24.3061,351584.1719,23.8081,592.9453,0.8476,15.4404,232811.6917,15.0701,1561
2026-01-28T09:34:34.585054,Attention,robustvision,Participant_10,1,129,25.7864,411560.5733,25.2895,641.5299,0.8197,16.6854,262536.0463,16.3149,1561
2026-01-28T09:34:46.950090,Attention,robustvision,Participant_10,1,130,29.2627,553922.568,28.7683,744.2597,0.758,15.4825,229574.0279,15.112,1561
2026-01-28T09:34:59.313094,Attention,robustvision,Participant_10,1,131,30.9072,592687.6598,30.4093,769.8621,0.742,18.5445,317089.6077,18.1737,1561
2026-01-28T09:35:11.764716,Attention,robustvision,Participant_10,1,132,31.3858,633273.772,30.889,795.785,0.722,20.3372,372336.4427,19.9656,1561
2026-01-28T09:35:24.116185,Attention,robustvision,Participant_10,1,133,21.9522,348436.4121,21.4586,590.285,0.8474,18.2254,310614.9684,17.8545,1561
2026-01-28T09:35:36.393453,Attention,robustvision,Participant_10,1,134,26.6998,414723.8552,26.2036,643.9906,0.8192,17.4938,286943.4272,17.123,1561
2026-01-28T09:35:48.382601,Attention,robustvision,Participant_10,1,135,27.4795,456736.0736,26.9812,675.8225,0.7997,15.0325,225223.4884,14.6624,1561
2026-01-28T09:36:00.791002,Attention,robustvision,Participant_10,1,136,26.1445,437382.0866,25.6479,661.3487,0.8089,15.7954,239755.8684,15.4248,1561
2026-01-28T09:36:12.937790,Attention,robustvision,Participant_10,1,137,31.8247,610009.2527,31.3278,781.0309,0.7341,17.9613,299834.3958,17.5904,1561
2026-01-28T09:36:25.351698,Attention,robustvision,Participant_10,1,138,26.1369,481151.9597,25.6423,693.6512,0.7921,15.8343,240928.3599,15.4642,1561
2026-01-28T09:36:37.408308,Attention,robustvision,Participant_10,1,139,25.525,507758.3128,25.0323,712.5716,0.7768,16.5829,257954.85,16.2124,1561
2026-01-28T09:36:49.513750,Attention,robustvision,Participant_10,1,140,26.0215,401685.9039,25.5241,633.787,0.825,19.6792,351604.6998,19.3079,1561
2026-01-28T09:37:01.724013,Attention,robustvision,Participant_10,1,141,19.4766,283187.9064,18.984,532.154,0.8777,16.4166,255115.0821,16.0465,1561
2026-01-28T09:37:14.014063,Attention,robustvision,Participant_10,1,142,25.8865,432483.8932,25.3903,657.6351,0.8125,16.6092,258455.1775,16.2386,1561
2026-01-28T09:37:26.320695,Attention,robustvision,Participant_10,1,143,30.3011,625137.9694,29.8049,790.6567,0.7277,27.7524,644225.5485,27.38,1561
2026-01-28T09:37:38.593141,Attention,robustvision,Participant_10,1,144,26.3586,432138.5577,25.8609,657.3725,0.8119,27.6104,617734.3614,27.2376,1561
2026-01-28T09:37:50.798701,Attention,robustvision,Participant_10,1,145,31.2166,552170.5221,30.7191,743.0818,0.759,22.6522,448565.8334,22.2802,1561
2026-01-28T09:38:03.064467,Attention,robustvision,Participant_10,1,146,25.4235,401493.5125,24.927,633.6352,0.8242,20.7264,396721.161,20.3549,1561
2026-01-28T09:38:15.242791,Attention,robustvision,Participant_10,1,147,26.417,420078.06,25.9213,648.1343,0.818,19.4726,350993.2973,19.1015,1561
2026-01-28T09:38:27.625306,Attention,robustvision,Participant_10,1,148,31.345,584480.5657,30.847,764.5133,0.7427,17.4602,297266.6492,17.0897,1561
2026-01-28T09:38:40.283784,Attention,robustvision,Participant_10,1,149,23.796,356842.0231,23.3022,597.3626,0.8459,16.576,268644.3093,16.2056,1561
2026-01-28T09:38:52.651142,Attention,robustvision,Participant_10,1,150,25.5767,480764.7452,25.0855,693.372,0.7887,16.594,270331.4909,16.2233,1561
2026-01-28T09:39:05.088284,Attention,robustvision,Participant_10,1,151,33.3058,679985.5163,32.8101,824.6123,0.7048,20.482,362027.1014,20.1106,1561
2026-01-28T09:39:17.398787,Attention,robustvision,Participant_10,1,152,31.2039,589706.5768,30.7057,767.9235,0.7426,18.8122,314609.7047,18.4411,1561
2026-01-28T09:39:29.712021,Attention,robustvision,Participant_10,1,153,30.3047,638389.0225,29.8085,798.9925,0.7251,19.8006,344787.5623,19.4289,1561
2026-01-28T09:39:42.555966,Attention,robustvision,Participant_10,1,154,25.6657,419993.899,25.1703,648.0694,0.817,20.3053,372949.4196,19.9335,1561
2026-01-28T09:39:55.030869,Attention,robustvision,Participant_10,1,155,31.4691,578231.552,30.9706,760.4154,0.7452,19.4459,349682.0385,19.0749,1561
2026-01-28T09:40:07.251006,Attention,robustvision,Participant_10,1,156,24.7355,420296.5505,24.2404,648.3028,0.8148,17.6833,296693.2502,17.3129,1561
2026-01-28T09:40:19.511450,Attention,robustvision,Participant_10,1,157,27.1988,529455.1798,26.7032,727.6367,0.7701,16.7073,272971.314,16.337,1561
2026-01-28T09:40:31.911244,Attention,robustvision,Participant_10,1,158,30.8865,574924.314,30.3912,758.2376,0.75,17.1536,280786.7317,16.7833,1561
2026-01-28T09:40:44.297040,Attention,robustvision,Participant_10,1,159,32.2503,645778.1226,31.7535,803.6032,0.7228,16.8445,269533.8291,16.474,1561
2026-01-28T09:40:56.570264,Attention,robustvision,Participant_10,1,160,27.7293,527226.3608,27.2325,726.1035,0.7663,15.3245,228357.8661,14.9545,1561
2026-01-28T09:41:08.760059,Attention,robustvision,Participant_10,1,161,24.3782,399017.526,23.8813,631.6783,0.8256,16.5105,256569.9045,16.14,1561
2026-01-28T09:41:21.008061,Attention,robustvision,Participant_10,1,162,23.4184,384186.5569,22.9269,619.8278,0.8312,16.2926,250336.3479,15.9222,1561
2026-01-28T09:41:33.784541,Attention,robustvision,Participant_10,1,163,26.1178,436295.8586,25.6219,660.527,0.8093,18.2931,308207.1266,17.9225,1561
2026-01-28T09:41:45.644633,Attention,robustvision,Participant_10,1,164,24.1764,402526.402,23.6806,634.4497,0.8263,20.8322,386967.3489,20.4612,1561
2026-01-28T09:41:57.849570,Attention,robustvision,Participant_10,1,165,23.0643,358988.0988,22.5684,599.1562,0.8428,19.0735,329238.4965,18.7022,1561
2026-01-28T09:42:09.929469,Attention,robustvision,Participant_10,1,166,21.5578,406542.4963,21.0649,637.6069,0.8231,18.3432,307773.4677,17.9723,1561
2026-01-28T09:42:22.163080,Attention,robustvision,Participant_10,1,167,21.4061,302992.4215,20.9107,550.4475,0.8689,17.8612,293491.6701,17.4905,1561
2026-01-28T09:42:34.267412,Attention,robustvision,Participant_10,1,168,23.8145,334933.4338,23.3178,578.7343,0.8544,16.4124,250185.9958,16.0421,1561
2026-01-28T09:42:46.465188,Attention,robustvision,Participant_10,1,169,24.4657,425908.0757,23.9732,652.6163,0.8138,17.2823,276151.8023,16.9118,1561
2026-01-28T09:42:58.988298,Attention,robustvision,Participant_10,1,170,23.3768,358558.4786,22.8816,598.7975,0.8441,15.9883,242947.3206,15.6181,1561
2026-01-28T09:43:11.366873,Attention,robustvision,Participant_10,1,171,28.5452,508053.0463,28.0489,712.7784,0.776,15.8697,244958.5707,15.4995,1561
2026-01-28T09:43:23.991398,Attention,robustvision,Participant_10,1,172,25.5,458972.9376,25.0037,677.4754,0.7995,19.6494,347698.393,19.2783,1561
2026-01-28T09:43:36.150270,Attention,robustvision,Participant_10,1,173,25.7876,418976.2426,25.2902,647.2837,0.818,17.6322,289102.2291,17.2612,1561
2026-01-28T09:43:48.356928,Attention,robustvision,Participant_10,1,174,30.721,519391.4919,30.2229,720.6882,0.7723,15.6416,240251.7061,15.2714,1561
2026-01-28T09:44:00.682969,Attention,robustvision,Participant_10,1,175,33.2614,651232.768,32.7615,806.9899,0.7169,24.2458,512930.7336,23.8736,1561
2026-01-28T09:44:13.063612,Attention,robustvision,Participant_10,1,176,22.7679,407274.8854,22.2746,638.1809,0.8247,20.1062,364609.0051,19.7352,1561
2026-01-28T09:44:25.235980,Attention,robustvision,Participant_10,1,177,20.138,265963.1466,19.644,515.7161,0.8845,19.7264,345968.8488,19.3547,1561
2026-01-28T09:44:37.778244,Attention,robustvision,Participant_10,1,178,20.547,310507.1126,20.0527,557.2317,0.8655,17.3117,278378.1221,16.9409,1561
2026-01-28T09:45:01.071175,Attention,robustvision,Participant_4,2,0,22.2764,336556.5166,21.7804,580.1349,0.8627,28.4038,741770.1875,28.0317,1009
2026-01-28T09:45:13.326919,Attention,robustvision,Participant_4,2,1,19.3238,245716.3473,18.8282,495.6978,0.9002,19.3736,339352.8415,19.0027,1009
2026-01-28T09:45:25.356709,Attention,robustvision,Participant_4,2,2,22.1413,292572.0791,21.6431,540.8993,0.8805,18.8594,328875.0435,18.4885,1009
2026-01-28T09:45:37.356390,Attention,robustvision,Participant_4,2,3,31.0017,678279.2619,30.5046,823.5771,0.7224,19.0772,327416.9321,18.7063,1009
2026-01-28T09:45:49.515414,Attention,robustvision,Participant_4,2,4,18.9113,204092.2601,18.4152,451.7657,0.9164,18.7581,312135.9913,18.3872,1009
2026-01-28T09:46:01.620257,Attention,robustvision,Participant_4,2,5,17.8522,206073.1929,17.3568,453.9529,0.9167,17.9703,293771.633,17.5995,1009
2026-01-28T09:46:13.921195,Attention,robustvision,Participant_4,2,6,17.4307,248568.0576,16.9427,498.566,0.8969,15.7978,238432.509,15.4273,1009
2026-01-28T09:46:27.153825,Attention,robustvision,Participant_4,2,7,20.125,263102.9059,19.6303,512.9356,0.8913,16.6884,255322.134,16.3179,1009
2026-01-28T09:46:39.236232,Attention,robustvision,Participant_4,2,8,23.3114,326210.3726,22.814,571.1483,0.8672,16.4492,252980.5515,16.0787,1009
2026-01-28T09:46:51.329115,Attention,robustvision,Participant_4,2,9,17.8509,280560.2338,17.3585,529.6794,0.888,17.4202,295361.2961,17.0493,1009
2026-01-28T09:47:03.527433,Attention,robustvision,Participant_4,2,10,20.6276,269448.1715,20.1323,519.084,0.8915,16.4518,264581.2126,16.0816,1009
2026-01-28T09:47:15.704886,Attention,robustvision,Participant_4,2,11,16.9863,233517.54,16.4919,483.2365,0.9064,18.5794,323963.5843,18.2085,1009
2026-01-28T09:47:27.782879,Attention,robustvision,Participant_4,2,12,20.3032,277884.4741,19.8076,527.1475,0.8873,18.706,324140.5244,18.3349,1009
2026-01-28T09:47:39.874409,Attention,robustvision,Participant_4,2,13,23.0217,398961.5519,22.5271,631.634,0.8379,17.9351,309545.8334,17.5644,1009
2026-01-28T09:47:52.102578,Attention,robustvision,Participant_4,2,14,19.734,237249.1808,19.2398,487.0823,0.9022,16.2873,261902.7242,15.917,1009
2026-01-28T09:48:04.946048,Attention,robustvision,Participant_4,2,15,18.1411,261240.1528,17.6488,511.1166,0.8952,15.7276,244700.139,15.3576,1009
2026-01-28T09:48:17.320499,Attention,robustvision,Participant_4,2,16,15.7477,169002.6766,15.2554,411.0994,0.9317,16.3811,264129.9544,16.0109,1009
2026-01-28T09:48:29.739654,Attention,robustvision,Participant_4,2,17,19.7148,317547.6888,19.2237,563.5137,0.8723,15.8895,252966.5794,15.5192,1009
2026-01-28T09:48:41.988876,Attention,robustvision,Participant_4,2,18,14.1576,179115.3353,13.6693,423.2202,0.9266,16.58,263528.3411,16.2097,1009
2026-01-28T09:48:54.483028,Attention,robustvision,Participant_4,2,19,14.7414,159542.5387,14.248,399.4278,0.9358,16.4586,252784.9604,16.0886,1009
2026-01-28T09:49:06.854632,Attention,robustvision,Participant_4,2,20,17.8812,219985.2664,17.3866,469.0259,0.9099,17.0691,275564.1666,16.6989,1009
2026-01-28T09:49:18.912330,Attention,robustvision,Participant_4,2,21,19.5309,279907.5324,19.0368,529.0629,0.888,17.0526,280921.3814,16.6823,1009
2026-01-28T09:49:31.571592,Attention,robustvision,Participant_4,2,22,18.6255,247204.1187,18.131,497.1963,0.8997,18.4742,307227.9876,18.1034,1009
2026-01-28T09:49:44.342142,Attention,robustvision,Participant_4,2,23,24.6264,414789.5819,24.1306,644.0416,0.8297,21.6425,414595.774,21.2714,1009
2026-01-28T09:49:56.574802,Attention,robustvision,Participant_4,2,24,25.4989,453420.607,25.0022,673.3651,0.8174,23.6611,475982.0914,23.2891,1009
2026-01-28T09:50:09.236608,Attention,robustvision,Participant_4,2,25,19.4347,256616.8079,18.9398,506.5736,0.8942,20.8766,390655.6102,20.5053,1009
2026-01-28T09:50:21.420376,Attention,robustvision,Participant_4,2,26,19.6497,269735.8418,19.1556,519.361,0.8903,21.1981,396052.4341,20.8267,1009
2026-01-28T09:50:33.943971,Attention,robustvision,Participant_4,2,27,18.2829,220443.6338,17.7899,469.5143,0.9096,17.9578,298457.1461,17.5869,1009
2026-01-28T09:50:46.160505,Attention,robustvision,Participant_4,2,28,15.2094,161140.4808,14.7182,401.4231,0.9346,17.4255,296301.824,17.0548,1009
2026-01-28T09:50:58.574229,Attention,robustvision,Participant_4,2,29,16.7777,199183.3964,16.2864,446.2997,0.919,18.6638,322018.5771,18.2928,1009
2026-01-28T09:51:10.681597,Attention,robustvision,Participant_4,2,30,21.1128,277289.8745,20.6184,526.5832,0.8863,16.6011,265813.8988,16.2306,1009
2026-01-28T09:51:23.225872,Attention,robustvision,Participant_4,2,31,19.0037,312268.8673,18.5108,558.8102,0.8751,17.5785,295504.7962,17.208,1009
2026-01-28T09:51:35.739826,Attention,robustvision,Participant_4,2,32,18.6972,242523.0609,18.2038,492.4663,0.9007,18.9847,329051.2077,18.614,1009
2026-01-28T09:51:48.144380,Attention,robustvision,Participant_4,2,33,18.8739,213262.6883,18.3795,461.8037,0.9138,16.7772,268882.2815,16.4068,1009
2026-01-28T09:52:00.236418,Attention,robustvision,Participant_4,2,34,23.3886,336543.1624,22.8934,580.1234,0.8629,23.8805,479758.1342,23.5085,1009
2026-01-28T09:52:12.558999,Attention,robustvision,Participant_4,2,35,24.561,421190.5272,24.0668,648.9919,0.8292,24.3194,506195.4593,23.9475,1009
2026-01-28T09:52:24.737619,Attention,robustvision,Participant_4,2,36,21.4685,320469.4514,20.972,566.1002,0.8708,21.5828,413459.525,21.2113,1009
2026-01-28T09:52:37.008226,Attention,robustvision,Participant_4,2,37,22.3011,327345.9315,21.8052,572.1415,0.8669,20.17,368862.2713,19.7988,1009
2026-01-28T09:52:49.163098,Attention,robustvision,Participant_4,2,38,24.1628,369180.5619,23.6649,607.6023,0.8501,21.0581,386444.5418,20.6868,1009
2026-01-28T09:53:01.400208,Attention,robustvision,Participant_4,2,39,29.5016,691512.0506,29.0067,831.572,0.7163,18.9128,319959.7606,18.5417,1009
2026-01-28T09:53:13.533017,Attention,robustvision,Participant_4,2,40,19.5926,288827.2558,19.0995,537.4265,0.8808,20.1137,352857.5992,19.7424,1009
2026-01-28T09:53:25.610585,Attention,robustvision,Participant_4,2,41,21.0594,360251.9214,20.5679,600.2099,0.8535,18.5998,316078.4313,18.2286,1009
2026-01-28T09:53:37.666765,Attention,robustvision,Participant_4,2,42,21.3683,425093.4943,20.8776,651.9919,0.8258,16.9893,275510.3071,16.619,1009
2026-01-28T09:53:50.021486,Attention,robustvision,Participant_4,2,43,20.247,253059.6193,19.7531,503.0503,0.8977,19.1287,327533.1986,18.7576,1009
2026-01-28T09:54:02.488396,Attention,robustvision,Participant_4,2,44,22.1225,318044.9849,21.6288,563.9548,0.8714,21.0779,394412.684,20.7062,1009
2026-01-28T09:54:14.991135,Attention,robustvision,Participant_4,2,45,24.1604,356932.1753,23.6648,597.438,0.8557,26.8883,606069.2355,26.5161,1009
2026-01-28T09:54:27.724396,Attention,robustvision,Participant_4,2,46,24.3115,394910.5837,23.813,628.4191,0.8372,23.2782,469631.3043,22.9059,1009
2026-01-28T09:54:40.076757,Attention,robustvision,Participant_4,2,47,24.2159,471310.5969,23.7211,686.5206,0.8064,23.9435,487459.8609,23.5716,1009
2026-01-28T09:54:52.400745,Attention,robustvision,Participant_4,2,48,18.7902,259391.7854,18.2987,509.3052,0.8955,20.6856,376280.8985,20.3141,1009
2026-01-28T09:55:05.098116,Attention,robustvision,Participant_4,2,49,25.4869,422135.5452,24.9894,649.7196,0.8265,19.7307,340699.7195,19.3592,1009
2026-01-28T09:55:17.613895,Attention,robustvision,Participant_4,2,50,20.9203,308187.6353,20.4262,555.1465,0.875,19.7569,340551.8964,19.3852,1009
2026-01-28T09:55:30.197488,Attention,robustvision,Participant_4,2,51,18.7333,282020.1624,18.2396,531.0557,0.887,20.4042,364197.4144,20.0327,1009
2026-01-28T09:55:42.919498,Attention,robustvision,Participant_4,2,52,19.6626,281720.6165,19.1684,530.7736,0.8863,20.5975,369714.0799,20.226,1009
2026-01-28T09:55:55.446291,Attention,robustvision,Participant_4,2,53,22.5335,414670.0688,22.0392,643.9488,0.8352,17.9952,298423.9653,17.6245,1009
2026-01-28T09:56:08.330894,Attention,robustvision,Participant_4,2,54,32.1992,603682.6062,31.7005,776.9701,0.7564,17.622,279138.6883,17.2509,1009
2026-01-28T09:56:21.211146,Attention,robustvision,Participant_4,2,55,23.9495,449200.5905,23.4535,670.2243,0.8159,17.5202,276413.0247,17.1495,1009
2026-01-28T09:56:33.528564,Attention,robustvision,Participant_4,2,56,12.0118,112712.9449,11.52,335.7275,0.9552,16.3658,245719.4849,15.9955,1009
2026-01-28T09:56:45.928504,Attention,robustvision,Participant_4,2,57,16.7326,206360.0746,16.2406,454.2687,0.9151,16.1687,241130.4461,15.7983,1009
2026-01-28T09:56:58.331740,Attention,robustvision,Participant_4,2,58,17.8216,229316.4685,17.3285,478.87,0.9068,15.9793,229863.4067,15.6088,1009
2026-01-28T09:57:11.111461,Attention,robustvision,Participant_4,2,59,19.2095,331143.9004,18.7203,575.451,0.8657,15.4759,219841.8748,15.1057,1009
2026-01-28T09:57:23.423124,Attention,robustvision,Participant_4,2,60,18.345,238991.2759,17.8508,488.8673,0.9046,15.5939,224122.554,15.2241,1009
2026-01-28T09:57:35.758780,Attention,robustvision,Participant_4,2,61,28.9535,712192.5758,28.456,843.915,0.7137,14.9491,210620.2073,14.5789,1009
2026-01-28T09:57:48.341544,Attention,robustvision,Participant_4,2,62,18.2154,267785.7141,17.7236,517.4802,0.8912,18.5231,314233.4536,18.1522,1009
2026-01-28T09:58:00.686035,Attention,robustvision,Participant_4,2,63,26.169,390363.6179,25.6722,624.7909,0.8395,17.906,290753.3376,17.5354,1009
2026-01-28T09:58:13.085556,Attention,robustvision,Participant_4,2,64,23.9337,360075.1115,23.4372,600.0626,0.8535,22.5956,441826.3659,22.2236,1009
2026-01-28T09:58:25.349680,Attention,robustvision,Participant_4,2,65,21.8199,427947.7715,21.3287,654.1772,0.8283,18.5904,306766.4457,18.2195,1009
2026-01-28T09:58:37.562339,Attention,robustvision,Participant_4,2,66,18.9813,245075.326,18.4871,495.0508,0.9008,16.3455,241329.5445,15.975,1009
2026-01-28T09:58:51.051522,Attention,robustvision,Participant_4,2,67,20.5441,310348.8613,20.0493,557.0896,0.8722,16.5774,255778.1017,16.2072,1009
2026-01-28T09:59:04.110914,Attention,robustvision,Participant_4,2,68,26.6996,597882.0123,26.2032,773.2283,0.7559,16.2013,247039.5829,15.8312,1009
2026-01-28T09:59:17.282763,Attention,robustvision,Participant_4,2,69,22.8414,345875.9598,22.3473,588.1122,0.8591,15.7004,232689.042,15.3301,1009
2026-01-28T09:59:31.673276,Attention,robustvision,Participant_4,2,70,34.5394,990177.3857,34.0467,995.0766,0.603,14.9633,211494.6836,14.5935,1009
2026-01-28T09:59:45.859281,Attention,robustvision,Participant_4,2,71,25.8619,469982.587,25.3659,685.5528,0.807,15.2383,212815.828,14.8683,1009
2026-01-28T09:59:59.865923,Attention,robustvision,Participant_4,2,72,24.9744,434349.519,24.4806,659.052,0.8231,14.4861,200100.2077,14.1166,1009
2026-01-28T10:00:13.065714,Attention,robustvision,Participant_4,2,73,15.1107,188521.8033,14.6186,434.191,0.9236,15.7542,231352.8954,15.3842,1009
2026-01-28T10:00:25.596944,Attention,robustvision,Participant_4,2,74,17.9186,246487.0485,17.4263,496.4746,0.9002,16.3424,245503.2252,15.9716,1009
2026-01-28T10:00:37.655243,Attention,robustvision,Participant_4,2,75,21.5157,304558.675,21.0196,551.8683,0.8761,16.6184,256511.5592,16.248,1009
2026-01-28T10:00:50.157804,Attention,robustvision,Participant_4,2,76,18.3116,248612.3274,17.8194,498.6104,0.8979,16.8545,264975.8988,16.4837,1009
2026-01-28T10:01:02.652940,Attention,robustvision,Participant_4,2,77,15.7658,173522.3187,15.2725,416.5601,0.9309,14.5962,212947.0493,14.2269,1009
2026-01-28T10:01:15.386178,Attention,robustvision,Participant_4,2,78,17.2538,232929.9381,16.7588,482.6282,0.9052,16.3557,249679.5771,15.9852,1009
2026-01-28T10:01:27.958586,Attention,robustvision,Participant_4,2,79,22.5977,363327.54,22.1012,602.7666,0.853,17.5051,284463.8339,17.1344,1009
2026-01-28T10:01:40.353656,Attention,robustvision,Participant_4,2,80,17.8406,238367.1131,17.3491,488.2285,0.9027,19.5598,341245.6297,19.1884,1009
2026-01-28T10:01:52.542494,Attention,robustvision,Participant_4,2,81,20.1245,260049.5108,19.6279,509.9505,0.8952,17.1679,268945.2824,16.7972,1009
2026-01-28T10:02:04.702340,Attention,robustvision,Participant_4,2,82,21.1175,293341.2901,20.6201,541.6099,0.8808,16.3998,251359.7967,16.0294,1009
2026-01-28T10:02:17.174420,Attention,robustvision,Participant_4,2,83,19.4043,258489.3776,18.9112,508.4185,0.8943,14.9562,213727.6915,14.5867,1009
2026-01-28T10:02:29.471895,Attention,robustvision,Participant_4,2,84,29.1429,656348.9454,28.6462,810.1537,0.7379,16.6031,256773.028,16.2328,1009
2026-01-28T10:02:41.938295,Attention,robustvision,Participant_4,2,85,22.0989,304824.4035,21.6055,552.1091,0.875,19.9041,355137.4307,19.5331,1009
2026-01-28T10:02:54.248662,Attention,robustvision,Participant_4,2,86,16.3418,231076.7971,15.8524,480.7045,0.9066,16.2413,249475.934,15.8712,1009
2026-01-28T10:03:06.543251,Attention,robustvision,Participant_4,2,87,19.772,254252.415,19.2805,504.2345,0.8959,15.9823,243090.3957,15.6121,1009
2026-01-28T10:03:18.852611,Attention,robustvision,Participant_4,2,88,18.169,284632.9603,17.6771,533.51,0.8861,15.2275,224556.6065,14.8574,1009
2026-01-28T10:03:31.099842,Attention,robustvision,Participant_4,2,89,21.2852,321675.8704,20.7901,567.1648,0.8704,16.5671,252606.9125,16.1964,1009
2026-01-28T10:03:43.768001,Attention,robustvision,Participant_4,2,90,15.8461,197974.87,15.3561,444.9437,0.9217,16.9953,261272.1342,16.6245,1009
2026-01-28T10:03:56.333380,Attention,robustvision,Participant_4,2,91,20.5608,267358.7807,20.0654,517.0675,0.89,16.709,258130.5941,16.3386,1009
2026-01-28T10:04:09.072196,Attention,robustvision,Participant_4,2,92,25.5104,417005.6822,25.0127,645.7598,0.8279,18.4624,303059.1723,18.0918,1009
2026-01-28T10:04:21.772959,Attention,robustvision,Participant_4,2,93,21.865,303251.4646,21.3701,550.6827,0.8756,19.2316,328674.1382,18.8604,1009
2026-01-28T10:04:34.608493,Attention,robustvision,Participant_4,2,94,28.4069,518356.0351,27.9107,719.9695,0.7887,17.5932,288573.0453,17.2226,1009
2026-01-28T10:04:47.487722,Attention,robustvision,Participant_4,2,95,16.4918,179520.1269,16.0007,423.6982,0.9274,17.7927,288330.5388,17.4218,1009
2026-01-28T10:05:00.006927,Attention,robustvision,Participant_4,2,96,17.5692,218476.9957,17.0771,467.4152,0.9104,17.4239,292731.0882,17.0536,1009
2026-01-28T10:05:12.516169,Attention,robustvision,Participant_4,2,97,14.1882,150538.6479,13.6963,387.9931,0.94,17.3806,291942.6895,17.0104,1009
2026-01-28T10:05:24.837293,Attention,robustvision,Participant_4,2,98,30.5328,588341.9602,30.0368,767.0345,0.7567,17.522,299011.1078,17.1515,1009
2026-01-28T10:05:37.152028,Attention,robustvision,Participant_4,2,99,22.0257,323756.4597,21.5305,568.996,0.8659,15.5988,240328.7226,15.2287,1009
2026-01-28T10:05:49.819105,Attention,robustvision,Participant_4,2,100,18.6573,257037.854,18.1635,506.989,0.8972,15.5361,238557.7306,15.1662,1009
2026-01-28T10:06:02.195196,Attention,robustvision,Participant_4,2,101,20.3959,262437.6823,19.8989,512.2867,0.8931,16.0749,251220.9054,15.7048,1009
2026-01-28T10:06:14.882776,Attention,robustvision,Participant_4,2,102,12.9554,119785.9411,12.4644,346.1011,0.9507,15.2001,225417.5543,14.83,1009
2026-01-28T10:06:27.505208,Attention,robustvision,Participant_4,2,103,20.3267,289290.1288,19.8342,537.857,0.8821,16.4649,257793.957,16.0947,1009
2026-01-28T10:06:40.190613,Attention,robustvision,Participant_4,2,104,22.0406,382287.3045,21.5466,618.2939,0.846,21.1452,393464.6934,20.7736,1009
2026-01-28T10:06:52.318585,Attention,robustvision,Participant_4,2,105,17.8917,244764.1523,17.4007,494.7364,0.9,19.0839,322095.2012,18.7126,1009
2026-01-28T10:07:04.878991,Attention,robustvision,Participant_4,2,106,20.5959,445824.0557,20.1064,667.7006,0.8221,17.4952,282715.6369,17.1245,1009
2026-01-28T10:07:17.423105,Attention,robustvision,Participant_4,2,107,17.0637,218532.6954,16.5691,467.4748,0.911,17.7995,284459.0971,17.4288,1009
2026-01-28T10:07:30.241973,Attention,robustvision,Participant_4,2,108,23.9109,418342.505,23.4169,646.794,0.8277,16.5871,253672.1318,16.2167,1009
2026-01-28T10:07:42.759683,Attention,robustvision,Participant_4,2,109,23.4396,497842.7445,22.9457,705.5797,0.7986,18.2329,308912.456,17.8619,1009
2026-01-28T10:07:55.289358,Attention,robustvision,Participant_4,2,110,29.9782,590865.5018,29.4807,768.6778,0.7639,18.4272,313501.0962,18.0565,1009
2026-01-28T10:08:07.939585,Attention,robustvision,Participant_4,2,111,23.8123,458215.8925,23.319,676.9165,0.8138,17.262,284082.11,16.8914,1009
2026-01-28T10:08:20.422438,Attention,robustvision,Participant_4,2,112,24.2356,411456.7005,23.7411,641.4489,0.8333,17.9691,297579.037,17.5982,1009
2026-01-28T10:08:33.019421,Attention,robustvision,Participant_4,2,113,23.8867,407865.9848,23.3916,638.6439,0.8379,18.0843,297044.2036,17.7133,1009
2026-01-28T10:08:45.358876,Attention,robustvision,Participant_4,2,114,24.7297,394068.9892,24.234,627.7491,0.8416,16.3857,254398.5475,16.0158,1009
2026-01-28T10:08:57.943781,Attention,robustvision,Participant_4,2,115,25.8786,437085.8126,25.3832,661.1247,0.8225,16.9018,267160.7632,16.5315,1009
2026-01-28T10:09:10.389831,Attention,robustvision,Participant_4,2,116,20.5484,305512.7342,20.0515,552.7321,0.8752,16.5747,253713.2566,16.2046,1009
2026-01-28T10:09:22.703996,Attention,robustvision,Participant_4,2,117,20.0696,294191.988,19.574,542.3947,0.883,15.5013,218587.198,15.1314,1009
2026-01-28T10:09:35.322554,Attention,robustvision,Participant_4,2,118,24.5961,384046.9848,24.1015,619.7152,0.8448,16.3541,245849.3357,15.9838,1009
2026-01-28T10:09:47.732777,Attention,robustvision,Participant_4,2,119,19.0928,305318.514,18.6025,552.5563,0.8767,15.3783,219989.4102,15.0082,1009
2026-01-28T10:10:00.235014,Attention,robustvision,Participant_4,2,120,17.457,287074.8626,16.9653,535.7937,0.8852,15.5762,227318.3919,15.2063,1009
2026-01-28T10:10:12.670482,Attention,robustvision,Participant_4,2,121,31.0076,643012.3235,30.5089,801.8805,0.7427,18.9848,322103.3065,18.6138,1009
2026-01-28T10:10:25.259882,Attention,robustvision,Participant_4,2,122,17.5128,250759.6729,17.0212,500.7591,0.8989,16.8885,267356.9279,16.5178,1009
2026-01-28T10:10:37.760804,Attention,robustvision,Participant_4,2,123,22.9879,415474.1826,22.4999,644.5729,0.8282,16.9285,272023.5535,16.5582,1009
2026-01-28T10:10:50.376551,Attention,robustvision,Participant_4,2,124,20.0119,290027.383,19.5176,538.5419,0.8843,16.9824,264689.015,16.6119,1009
2026-01-28T10:11:02.996744,Attention,robustvision,Participant_4,2,125,16.9676,235117.1937,16.473,484.8888,0.9026,15.8923,234763.3631,15.5222,1009
2026-01-28T10:11:15.837464,Attention,robustvision,Participant_4,2,126,17.6661,238575.7239,17.1768,488.4421,0.9039,20.9193,391247.7143,20.5477,1009
2026-01-28T10:11:28.520950,Attention,robustvision,Participant_4,2,127,18.3448,233119.9641,17.8487,482.825,0.9042,18.8038,328602.1383,18.4329,1009
2026-01-28T10:11:42.071288,Attention,robustvision,Participant_4,2,128,22.0509,302989.1161,21.5579,550.4445,0.8758,17.2241,282263.9602,16.8538,1009
2026-01-28T10:11:54.284463,Attention,robustvision,Participant_4,2,129,26.1792,505172.5174,25.6854,710.7549,0.7961,20.1477,355668.7677,19.7761,1009
2026-01-28T10:12:06.845884,Attention,robustvision,Participant_4,2,130,22.1639,332171.9937,21.6683,576.3436,0.8655,17.1449,276126.4535,16.774,1009
2026-01-28T10:12:19.643317,Attention,robustvision,Participant_4,2,131,20.4914,285133.4448,19.9978,533.9789,0.8841,15.9839,249420.95,15.6136,1009
2026-01-28T10:12:32.462894,Attention,robustvision,Participant_4,2,132,24.7157,450141.2461,24.2219,670.9257,0.8188,15.5175,235733.7134,15.1474,1009
2026-01-28T10:12:45.066573,Attention,robustvision,Participant_4,2,133,18.7426,256862.5707,18.2505,506.8161,0.8945,15.3236,224087.895,14.9537,1009
2026-01-28T10:12:57.807565,Attention,robustvision,Participant_4,2,134,22.319,295365.2857,21.8223,543.4752,0.8804,19.1052,324301.9532,18.7339,1009
2026-01-28T10:13:10.203313,Attention,robustvision,Participant_4,2,135,21.9131,308297.7303,21.419,555.2456,0.8745,17.5467,287518.608,17.1761,1009
2026-01-28T10:13:23.669390,Attention,robustvision,Participant_4,2,136,22.8494,329199.8123,22.3538,573.7594,0.8632,18.9979,335786.0333,18.6266,1009
2026-01-28T10:13:36.306722,Attention,robustvision,Participant_4,2,137,17.9657,235012.0505,17.4733,484.7804,0.9036,19.1969,324164.6169,18.8255,1009
2026-01-28T10:13:49.190992,Attention,robustvision,Participant_4,2,138,32.3378,878132.9094,31.8462,937.0875,0.6465,16.6107,260526.0684,16.2403,1009
2026-01-28T10:14:01.952815,Attention,robustvision,Participant_4,2,139,18.015,242652.8097,17.5233,492.598,0.9021,16.8594,264210.5541,16.489,1009
2026-01-28T10:14:14.553723,Attention,robustvision,Participant_4,2,140,17.9078,290015.5528,17.4176,538.5309,0.883,16.0869,246545.0042,15.7162,1009
2026-01-28T10:14:26.955036,Attention,robustvision,Participant_4,2,141,21.3135,309514.3773,20.8195,556.3402,0.8736,15.8619,238844.7426,15.4913,1009
2026-01-28T10:14:39.608163,Attention,robustvision,Participant_4,2,142,18.9896,252964.5194,18.4943,502.9558,0.8986,15.494,228438.938,15.1234,1009
2026-01-28T10:14:52.109834,Attention,robustvision,Participant_4,2,143,20.3337,321008.2398,19.8417,566.5759,0.8691,17.8781,288587.3599,17.5071,1009
2026-01-28T10:15:04.851943,Attention,robustvision,Participant_4,2,144,18.9197,236669.0769,18.4243,486.4865,0.9016,19.1218,325705.3527,18.7505,1009
2026-01-28T10:15:17.070465,Attention,robustvision,Participant_4,2,145,25.8496,404129.8242,25.3521,635.7121,0.8327,19.5236,340917.1531,19.1526,1009
2026-01-28T10:15:29.839404,Attention,robustvision,Participant_4,2,146,21.6239,300231.0946,21.1301,547.9335,0.8778,18.884,325785.4864,18.5127,1009
2026-01-28T10:15:42.715827,Attention,robustvision,Participant_4,2,147,27.3434,521245.0359,26.8455,721.973,0.7869,17.3545,287566.6961,16.984,1009
2026-01-28T10:15:55.231078,Attention,robustvision,Participant_4,2,148,23.8892,402675.4351,23.3922,634.5671,0.8387,19.1531,336878.9178,18.7819,1009
2026-01-28T10:16:07.861073,Attention,robustvision,Participant_4,2,149,21.1162,305639.042,20.6206,552.8463,0.8736,16.7548,271516.4498,16.3842,1009
2026-01-28T10:16:20.233453,Attention,robustvision,Participant_4,2,150,22.6988,341634.6351,22.2034,584.4952,0.8608,18.3031,308581.4498,17.9324,1009
2026-01-28T10:16:32.574463,Attention,robustvision,Participant_4,2,151,30.4621,516332.9659,29.9633,718.5631,0.7895,21.6898,421411.0546,21.3184,1009
2026-01-28T10:16:45.160634,Attention,robustvision,Participant_4,2,152,30.1407,620201.9365,29.6427,787.529,0.7518,21.81,415588.9721,21.4387,1009
2026-01-28T10:16:57.730180,Attention,robustvision,Participant_4,2,153,35.7714,806572.3439,35.2731,898.0937,0.6675,20.2477,372088.6605,19.8763,1009
2026-01-28T10:17:10.051587,Attention,robustvision,Participant_4,2,154,21.9324,315300.7549,21.4353,561.5165,0.8693,21.6766,428205.4349,21.3052,1009
2026-01-28T10:17:22.791750,Attention,robustvision,Participant_4,2,155,28.9377,508049.5921,28.4401,712.776,0.7944,19.5686,350990.1106,19.1977,1009
2026-01-28T10:17:35.393924,Attention,robustvision,Participant_4,2,156,23.5406,427257.5329,23.0496,653.6494,0.8261,20.928,396619.5338,20.5565,1009
2026-01-28T10:17:49.022654,Attention,robustvision,Participant_4,2,157,21.0706,374154.2855,20.5748,611.6815,0.8467,19.3276,346381.7771,18.9565,1009
2026-01-28T10:18:01.980414,Attention,robustvision,Participant_4,2,158,16.6474,226606.0601,16.1547,476.0316,0.9084,18.4412,316120.5762,18.0702,1009
2026-01-28T10:18:14.780341,Attention,robustvision,Participant_4,2,159,27.0029,479556.9985,26.5057,692.5005,0.8029,17.7444,286044.8767,17.3735,1009
2026-01-28T10:18:27.293530,Attention,robustvision,Participant_4,2,160,27.6579,462150.3377,27.1611,679.8164,0.8082,19.2995,333245.7327,18.9284,1009
2026-01-28T10:18:39.852688,Attention,robustvision,Participant_4,2,161,26.2936,591588.201,25.7985,769.1477,0.7581,22.6026,443976.3721,22.2309,1009
2026-01-28T10:18:52.318198,Attention,robustvision,Participant_4,2,162,26.5456,521738.7819,26.0519,722.3149,0.7871,18.5317,323507.0801,18.161,1009
2026-01-28T10:19:05.006596,Attention,robustvision,Participant_4,2,163,21.1715,280792.3743,20.6743,529.8985,0.884,19.0176,335965.7051,18.6465,1009
2026-01-28T10:19:17.590280,Attention,robustvision,Participant_4,2,164,22.632,343954.7775,22.1386,586.4766,0.8596,18.0366,301459.9865,17.666,1009
2026-01-28T10:19:29.889544,Attention,robustvision,Participant_4,2,165,16.7569,214432.8266,16.2621,463.0689,0.9072,17.3141,281250.7642,16.9434,1009
2026-01-28T10:19:42.719578,Attention,robustvision,Participant_4,2,166,19.2152,249732.8139,18.7213,499.7327,0.8987,16.803,267908.0798,16.4328,1009
2026-01-28T10:19:55.364028,Attention,robustvision,Participant_4,2,167,17.7791,242559.9932,17.2859,492.5038,0.9027,16.3955,262744.0292,16.0254,1009
2026-01-28T10:20:07.837653,Attention,robustvision,Participant_4,2,168,15.3909,192984.1273,14.8991,439.2996,0.9228,16.1794,252737.3544,15.8092,1009
2026-01-28T10:20:20.760569,Attention,robustvision,Participant_4,2,169,27.075,450616.2143,26.5781,671.2795,0.8173,16.1832,248861.613,15.8126,1009
2026-01-28T10:20:33.376606,Attention,robustvision,Participant_4,2,170,21.7189,310497.1961,21.2235,557.2228,0.8725,18.8708,323678.5077,18.4999,1009
2026-01-28T10:20:45.861865,Attention,robustvision,Participant_4,2,171,22.1413,378266.0835,21.6467,615.0334,0.8478,19.1213,334989.3551,18.7503,1009
2026-01-28T10:20:58.671223,Attention,robustvision,Participant_4,2,172,18.418,220509.5139,17.9242,469.5844,0.91,16.5112,256919.5924,16.1409,1009
2026-01-28T10:21:11.335886,Attention,robustvision,Participant_4,2,173,19.2599,248847.4029,18.7648,498.8461,0.8995,16.0597,248691.6502,15.6894,1009
2026-01-28T10:21:23.941114,Attention,robustvision,Participant_4,2,174,23.8784,353808.107,23.3809,594.8177,0.8559,17.2209,273849.6419,16.8505,1009
2026-01-28T10:21:36.783487,Attention,robustvision,Participant_4,2,175,24.8748,440070.7141,24.3798,663.3783,0.8202,18.353,306310.3875,17.9823,1009
2026-01-28T10:21:49.284475,Attention,robustvision,Participant_4,2,176,19.9807,341490.6468,19.4881,584.372,0.8595,19.3549,335150.8922,18.9836,1009
2026-01-28T10:22:02.028441,Attention,robustvision,Participant_4,2,177,21.5967,319374.9161,21.1012,565.1327,0.8701,19.991,367561.3485,19.6198,1009
2026-01-28T10:22:14.638647,Attention,robustvision,Participant_4,2,178,25.8386,383200.6117,25.3412,619.032,0.8445,17.0709,283763.7316,16.7006,1009
2026-01-28T10:22:27.324267,Attention,robustvision,Participant_4,2,179,21.0997,308751.3549,20.6008,555.654,0.8737,17.968,300865.2088,17.597,1009
2026-01-28T10:22:39.778119,Attention,robustvision,Participant_4,2,180,25.719,422371.7835,25.222,649.9014,0.8304,17.6777,294228.9895,17.3068,1009
2026-01-28T10:22:52.380879,Attention,robustvision,Participant_4,2,181,20.6294,315455.4468,20.135,561.6542,0.8714,15.2965,225779.159,14.9264,1009
2026-01-28T10:23:05.060489,Attention,robustvision,Participant_4,2,182,20.589,333880.3636,20.0973,577.8238,0.8671,16.2103,251004.9257,15.8398,1009
2026-01-28T10:23:17.741941,Attention,robustvision,Participant_4,2,183,22.4889,450153.8566,21.997,670.9351,0.815,16.7716,263953.8751,16.401,1009
2026-01-28T10:23:30.663614,Attention,robustvision,Participant_4,2,184,31.9589,581606.8704,31.4606,762.6315,0.7651,16.1039,246838.6273,15.7338,1009
2026-01-28T10:23:43.215863,Attention,robustvision,Participant_4,2,185,20.6664,344240.1506,20.1713,586.7198,0.8572,17.686,283845.737,17.3152,1009
2026-01-28T10:23:55.881834,Attention,robustvision,Participant_4,2,186,20.7227,332807.1356,20.2302,576.8944,0.8634,16.9593,266056.3648,16.5887,1009
2026-01-28T10:24:08.755471,Attention,robustvision,Participant_4,2,187,31.8562,610286.192,31.3579,781.2082,0.7522,21.9809,431538.1695,21.6094,1009
2026-01-28T10:24:21.013444,Attention,robustvision,Participant_4,2,188,19.3764,238753.735,18.8811,488.6243,0.9024,21.7835,423311.9475,21.4117,1009
2026-01-28T10:24:33.563879,Attention,robustvision,Participant_4,2,189,21.2995,304279.9092,20.8034,551.6157,0.8748,18.9627,318864.7169,18.5915,1009
2026-01-28T10:24:46.071389,Attention,robustvision,Participant_4,2,190,20.3516,266740.3983,19.8581,516.4692,0.8901,18.7665,315377.134,18.3952,1009
2026-01-28T10:24:58.401277,Attention,robustvision,Participant_4,2,191,24.9518,397262.5171,24.4556,630.2876,0.8381,20.6572,388095.9767,20.2856,1009
2026-01-28T10:25:10.671454,Attention,robustvision,Participant_4,2,192,28.2114,469174.6006,27.7135,684.9632,0.8091,24.4086,510784.4034,24.0364,1009
2026-01-28T10:25:23.068190,Attention,robustvision,Participant_4,2,193,26.5125,416555.1906,26.0151,645.4109,0.8308,21.2147,412802.6674,20.8434,1009
2026-01-28T10:25:35.211204,Attention,robustvision,Participant_4,2,194,20.7914,317421.433,20.2991,563.4017,0.87,20.2515,374856.9053,19.8802,1009
2026-01-28T10:25:47.462557,Attention,robustvision,Participant_4,2,195,19.8537,251818.62,19.3584,501.8153,0.8982,18.9146,334129.4438,18.5434,1009
2026-01-28T10:25:59.861564,Attention,robustvision,Participant_4,2,196,20.6255,320840.8486,20.131,566.4281,0.8688,20.8839,385470.6328,20.5121,1009
2026-01-28T10:26:12.014510,Attention,robustvision,Participant_4,2,197,29.4009,511325.8294,28.9025,715.0705,0.7908,19.7509,353092.3251,19.3797,1009
2026-01-28T10:26:24.139544,Attention,robustvision,Participant_4,2,198,22.4772,330100.725,21.9813,574.5439,0.8663,18.5351,314535.6573,18.1641,1009
2026-01-28T10:26:36.371798,Attention,robustvision,Participant_4,2,199,19.5178,264342.1569,19.0247,514.1422,0.8887,16.7461,263912.1585,16.3758,1009
2026-01-28T10:26:48.443524,Attention,robustvision,Participant_4,2,200,32.3291,645265.164,31.8327,803.284,0.7391,23.2153,491302.6145,22.8436,1009
2026-01-28T10:27:00.598459,Attention,robustvision,Participant_4,2,201,21.1725,315558.6873,20.6777,561.7461,0.8698,23.9521,504524.2304,23.58,1009
2026-01-28T10:27:12.865741,Attention,robustvision,Participant_4,2,202,17.7216,197757.7086,17.229,444.6996,0.9177,21.3434,430283.862,20.9719,1009
2026-01-28T10:27:25.302554,Attention,robustvision,Participant_4,2,203,26.206,438974.7063,25.7093,662.5517,0.822,19.5568,369674.8203,19.1857,1009
2026-01-28T10:27:37.780668,Attention,robustvision,Participant_4,2,204,18.063,250602.7963,17.5714,500.6024,0.8981,20.0021,386039.7898,19.6311,1009
2026-01-28T10:27:50.362585,Attention,robustvision,Participant_4,2,205,20.6479,299456.0293,20.1534,547.2258,0.8784,18.7547,342047.5308,18.3844,1009
2026-01-28T10:28:02.853455,Attention,robustvision,Participant_4,2,206,20.3091,311936.8131,19.8183,558.513,0.875,22.0123,421207.3566,21.6408,1009
2026-01-28T10:28:15.620418,Attention,robustvision,Participant_4,2,207,20.911,315177.074,20.4141,561.4063,0.8737,22.214,427169.2768,21.842,1009
2026-01-28T10:28:39.827065,Attention,robustvision,Participant_8,3,0,26.6562,359350.0,26.1645,599.4581,0.7635,28.1702,658020.5731,27.7976,374
2026-01-28T10:28:52.432532,Attention,robustvision,Participant_8,3,1,29.1727,457881.125,28.6772,676.6691,0.6986,22.713,436735.1805,22.3409,374
2026-01-28T10:29:05.242638,Attention,robustvision,Participant_8,3,2,24.2914,344077.6875,23.795,586.5814,0.7735,20.5214,380280.026,20.1503,374
2026-01-28T10:29:17.936118,Attention,robustvision,Participant_8,3,3,25.9902,328769.75,25.4914,573.3845,0.7836,18.6616,328260.2737,18.2907,374
2026-01-28T10:29:30.843409,Attention,robustvision,Participant_8,3,4,18.3941,203721.625,17.9008,451.3553,0.8659,17.2219,285124.8839,16.8517,374
2026-01-28T10:29:44.062363,Attention,robustvision,Participant_8,3,5,20.6511,276814.125,20.1563,526.1313,0.8178,22.307,461317.0286,21.9356,374
2026-01-28T10:29:56.846570,Attention,robustvision,Participant_8,3,6,18.872,224863.5625,18.3811,474.1978,0.852,19.1668,361184.2707,18.7959,374
2026-01-28T10:30:09.581402,Attention,robustvision,Participant_8,3,7,17.6295,235176.4531,17.1387,484.9499,0.8452,18.7116,338480.1526,18.3407,374
2026-01-28T10:30:22.227877,Attention,robustvision,Participant_8,3,8,17.4321,217957.125,16.9377,466.8588,0.8565,18.0504,318607.1491,17.6797,374
2026-01-28T10:30:34.838918,Attention,robustvision,Participant_8,3,9,17.5162,220377.75,17.0223,469.4441,0.8549,18.3758,320237.0338,18.0046,374
2026-01-28T10:30:47.727697,Attention,robustvision,Participant_8,3,10,19.8587,263729.4375,19.3635,513.5459,0.8264,17.5922,291716.6098,17.2217,374
2026-01-28T10:31:00.197572,Attention,robustvision,Participant_8,3,11,24.28,317232.3125,23.7883,563.2338,0.7912,17.3623,293162.2815,16.992,374
2026-01-28T10:31:12.395505,Attention,robustvision,Participant_8,3,12,21.6819,276392.125,21.1843,525.7301,0.8181,18.9001,322309.6083,18.5289,374
2026-01-28T10:31:25.513942,Attention,robustvision,Participant_8,3,13,22.2085,266342.625,21.7147,516.0839,0.8247,16.7222,263242.7487,16.3519,374
2026-01-28T10:31:38.388982,Attention,robustvision,Participant_8,3,14,17.5521,202261.5625,17.059,449.735,0.8669,16.2848,248069.8409,15.9144,374
2026-01-28T10:31:51.324673,Attention,robustvision,Participant_8,3,15,19.9203,210552.0469,19.4234,458.8595,0.8614,18.7231,311556.9114,18.3521,374
2026-01-28T10:32:04.163853,Attention,robustvision,Participant_8,3,16,22.085,297101.5938,21.5905,545.0703,0.8045,20.7336,372570.2542,20.3622,374
2026-01-28T10:32:17.126503,Attention,robustvision,Participant_8,3,17,22.2955,274989.5,21.7977,524.3944,0.819,18.5373,310571.3007,18.1661,374
2026-01-28T10:32:29.606921,Attention,robustvision,Participant_8,3,18,22.0549,254302.9844,21.5559,504.2846,0.8326,18.2026,290887.7338,17.8315,374
2026-01-28T10:32:42.049539,Attention,robustvision,Participant_8,3,19,20.2734,231641.5781,19.7788,481.2916,0.8475,16.2655,240323.7146,15.895,374
2026-01-28T10:32:54.727598,Attention,robustvision,Participant_8,3,20,20.3489,297586.0312,19.8517,545.5145,0.8041,15.666,225779.9705,15.296,374
2026-01-28T10:33:07.370250,Attention,robustvision,Participant_8,3,21,19.7173,244272.0625,19.2224,494.2389,0.8392,18.6623,299712.0481,18.2912,374
2026-01-28T10:33:19.876400,Attention,robustvision,Participant_8,3,22,25.0416,413154.5,24.5444,642.771,0.7281,18.2741,300666.4696,17.9032,374
2026-01-28T10:33:32.631840,Attention,robustvision,Participant_8,3,23,16.8059,204846.1875,16.3127,452.5994,0.8652,18.7046,311833.8956,18.3336,374
2026-01-28T10:33:45.218500,Attention,robustvision,Participant_8,3,24,19.9818,254545.6875,19.4844,504.5252,0.8325,16.1772,245561.0617,15.807,374
2026-01-28T10:33:57.459469,Attention,robustvision,Participant_8,3,25,19.805,208666.0312,19.3066,456.7998,0.8627,14.927,216843.396,14.5573,374
2026-01-28T10:34:09.964667,Attention,robustvision,Participant_8,3,26,15.4185,191331.75,14.9345,437.4148,0.8741,15.6986,232126.7629,15.3285,374
2026-01-28T10:34:22.238493,Attention,robustvision,Participant_8,3,27,17.0468,220192.8281,16.5588,469.2471,0.8551,15.6871,241126.9385,15.3175,374
2026-01-28T10:34:34.440178,Attention,robustvision,Participant_8,3,28,18.5023,210792.5938,18.0052,459.1215,0.8613,16.8461,270873.9472,16.4756,374
2026-01-28T10:34:46.799442,Attention,robustvision,Participant_8,3,29,17.2563,200763.875,16.7655,448.0668,0.8679,16.5903,260211.0521,16.22,374
2026-01-28T10:34:58.989491,Attention,robustvision,Participant_8,3,30,20.156,236668.6094,19.6583,486.486,0.8442,15.5832,238478.4557,15.2131,374
2026-01-28T10:35:11.280178,Attention,robustvision,Participant_8,3,31,21.7176,258263.875,21.2247,508.1967,0.83,18.5677,306975.3929,18.1967,374
2026-01-28T10:35:23.727053,Attention,robustvision,Participant_8,3,32,22.104,301303.625,21.6076,548.9113,0.8017,18.2313,307482.8699,17.8601,374
2026-01-28T10:35:36.233737,Attention,robustvision,Participant_8,3,33,18.1493,182832.3281,17.653,427.589,0.8797,16.5662,260595.6556,16.1959,374
2026-01-28T10:35:48.670986,Attention,robustvision,Participant_8,3,34,20.872,250668.4375,20.3778,500.668,0.835,15.2239,226201.9656,14.8538,374
2026-01-28T10:36:01.094249,Attention,robustvision,Participant_8,3,35,21.3164,271576.1875,20.8213,521.1297,0.8213,15.4821,232619.362,15.1119,374
2026-01-28T10:36:13.721226,Attention,robustvision,Participant_8,3,36,19.5512,241621.5625,19.0611,491.5502,0.841,14.8717,218580.1823,14.5016,374
2026-01-28T10:36:26.028043,Attention,robustvision,Participant_8,3,37,19.3302,223900.0,18.8375,473.1807,0.8526,16.8793,268754.8062,16.5091,374
2026-01-28T10:36:38.413564,Attention,robustvision,Participant_8,3,38,17.6063,172017.0156,17.1108,414.7493,0.8868,16.9013,265988.7248,16.5306,374
2026-01-28T10:36:50.783898,Attention,robustvision,Participant_8,3,39,16.2208,171017.4375,15.7265,413.5425,0.8874,17.3466,280936.3632,16.9757,374
2026-01-28T10:37:03.191188,Attention,robustvision,Participant_8,3,40,17.5506,220870.6562,17.0531,469.9688,0.8546,17.5096,286708.2351,17.1388,374
2026-01-28T10:37:15.760481,Attention,robustvision,Participant_8,3,41,18.06,196471.5781,17.5656,443.2511,0.8707,15.6375,237229.1918,15.2672,374
2026-01-28T10:37:28.199326,Attention,robustvision,Participant_8,3,42,16.2413,230906.8125,15.7497,480.5276,0.848,15.6958,240836.1195,15.3255,374
2026-01-28T10:37:40.524955,Attention,robustvision,Participant_8,3,43,16.9167,175044.3438,16.4234,418.383,0.8848,14.6325,211448.5549,14.2626,374
2026-01-28T10:37:52.975832,Attention,robustvision,Participant_8,3,44,17.6268,187115.8594,17.1317,432.5689,0.8768,13.5975,185735.224,13.2283,374
2026-01-28T10:38:05.355565,Attention,robustvision,Participant_8,3,45,25.7306,427265.7812,25.2347,653.6557,0.7188,15.2826,227656.2699,14.9132,374
2026-01-28T10:38:17.563058,Attention,robustvision,Participant_8,3,46,22.1885,321949.1875,21.6939,567.4057,0.7881,20.9442,388213.122,20.5722,374
2026-01-28T10:38:29.738765,Attention,robustvision,Participant_8,3,47,18.5638,188863.2812,18.0678,434.584,0.8757,17.6993,285246.7616,17.3284,374
2026-01-28T10:38:42.017087,Attention,robustvision,Participant_8,3,48,16.2089,145708.7656,15.7165,381.7182,0.9041,15.3871,223455.0369,15.0172,374
2026-01-28T10:38:54.086828,Attention,robustvision,Participant_8,3,49,15.8485,145813.5469,15.3548,381.8554,0.904,15.1189,221644.8926,14.7486,374
2026-01-28T10:39:06.395256,Attention,robustvision,Participant_8,3,50,15.3976,184697.6406,14.9076,429.7646,0.8784,14.4131,208539.9362,14.0435,374
2026-01-28T10:39:18.611084,Attention,robustvision,Participant_8,3,51,18.7242,205038.75,18.2279,452.812,0.865,20.3834,371756.9349,20.012,374
2026-01-28T10:39:30.762933,Attention,robustvision,Participant_8,3,52,18.3348,208700.8125,17.8383,456.8378,0.8626,23.8089,481584.7809,23.437,374
2026-01-28T10:39:43.319868,Attention,robustvision,Participant_8,3,53,21.3298,256768.375,20.8312,506.7232,0.831,18.5624,310801.9834,18.1916,374
2026-01-28T10:39:55.531013,Attention,robustvision,Participant_8,3,54,21.0763,287749.0312,20.5787,536.4224,0.8106,17.8739,290113.709,17.5034,374
2026-01-28T10:40:07.783314,Attention,robustvision,Participant_8,3,55,20.129,244986.0781,19.6336,494.9607,0.8388,17.2161,266575.6485,16.8451,374
2026-01-28T10:40:19.898963,Attention,robustvision,Participant_8,3,56,20.9287,288557.375,20.4344,537.1754,0.8101,17.2519,268384.9724,16.8811,374
2026-01-28T10:40:31.976176,Attention,robustvision,Participant_8,3,57,23.5984,288933.1562,23.1019,537.525,0.8098,17.3548,276455.9631,16.9837,374
2026-01-28T10:40:43.858080,Attention,robustvision,Participant_8,3,58,19.6874,233731.0312,19.1955,483.4574,0.8462,16.0659,251421.9253,15.6956,374
2026-01-28T10:40:55.916364,Attention,robustvision,Participant_8,3,59,22.5999,274412.5625,22.1012,523.844,0.8194,24.9081,557190.4943,24.5363,374
2026-01-28T10:41:07.991801,Attention,robustvision,Participant_8,3,60,24.5844,331994.4688,24.0902,576.1896,0.7815,21.369,410868.7484,20.9973,374
2026-01-28T10:41:19.749006,Attention,robustvision,Participant_8,3,61,18.0234,186025.0938,17.5289,431.3063,0.8776,19.4943,353862.9931,19.1232,374
2026-01-28T10:41:32.274008,Attention,robustvision,Participant_8,3,62,19.3909,189298.25,18.8932,435.0842,0.8754,17.8707,304411.0997,17.4999,374
2026-01-28T10:41:44.333118,Attention,robustvision,Participant_8,3,63,16.22,166018.9844,15.7275,407.4543,0.8907,19.9193,365064.6686,19.5482,374
2026-01-28T10:41:56.457002,Attention,robustvision,Participant_8,3,64,17.3082,222857.0,16.8164,472.0773,0.8533,19.6357,362745.4818,19.2644,374
2026-01-28T10:42:08.310863,Attention,robustvision,Participant_8,3,65,20.4501,296372.0938,19.9539,544.4007,0.8049,17.0997,294520.5109,16.7295,374
2026-01-28T10:42:20.352458,Attention,robustvision,Participant_8,3,66,18.6472,204932.8438,18.1601,452.6951,0.8651,17.0488,286547.3851,16.678,374
2026-01-28T10:42:32.491064,Attention,robustvision,Participant_8,3,67,20.6702,215326.4375,20.1734,464.0328,0.8583,16.9561,279424.4612,16.5861,374
2026-01-28T10:42:44.448139,Attention,robustvision,Participant_8,3,68,19.1014,200851.8906,18.6045,448.165,0.8678,19.9262,364207.2308,19.5552,374
2026-01-28T10:42:56.559523,Attention,robustvision,Participant_8,3,69,21.9355,286744.5625,21.4389,535.4854,0.8113,18.4835,310625.0337,18.1126,374
2026-01-28T10:43:08.703025,Attention,robustvision,Participant_8,3,70,17.9968,209855.4688,17.5016,458.0998,0.8619,17.615,286720.0353,17.2441,374
2026-01-28T10:43:20.591617,Attention,robustvision,Participant_8,3,71,18.3379,190841.5781,17.842,436.8542,0.8744,17.9495,298076.5744,17.579,374
2026-01-28T10:43:32.530177,Attention,robustvision,Participant_8,3,72,19.1384,297649.1875,18.6448,545.5723,0.8041,18.1778,308112.4614,17.8071,374
2026-01-28T10:43:44.583676,Attention,robustvision,Participant_8,3,73,17.7128,261010.3594,17.2197,510.8917,0.8282,18.502,320240.7766,18.1312,374
2026-01-28T10:43:56.665045,Attention,robustvision,Participant_8,3,74,19.7399,300791.3125,19.2452,548.4444,0.802,18.2911,317870.9015,17.9204,374
2026-01-28T10:44:08.875103,Attention,robustvision,Participant_8,3,75,20.1525,224326.4062,19.6572,473.6311,0.8524,23.543,496630.7381,23.1714,374
2026-01-28T10:44:21.659446,Attention,robustvision,Participant_8,3,76,20.1413,342072.5,19.6464,584.8696,0.7749,19.7803,372848.3593,19.4092,374
2026-01-28T10:44:33.818953,Attention,robustvision,Participant_8,3,77,17.1139,198870.875,16.6272,445.9494,0.8691,24.2236,541515.2085,23.8518,374
2026-01-28T10:44:46.924180,Attention,robustvision,Participant_8,3,78,16.6544,206406.9688,16.1632,454.3203,0.8641,24.5568,512879.9206,24.1848,374
2026-01-28T10:44:59.116000,Attention,robustvision,Participant_8,3,79,15.9502,178447.2188,15.4612,422.4301,0.8825,20.7553,382677.7758,20.3842,374
2026-01-28T10:45:12.300504,Attention,robustvision,Participant_8,3,80,17.629,189818.4844,17.1316,435.6816,0.8751,20.346,370079.3945,19.9749,374
